Date,Currency,Buying,Selling,Mean
2009-01-05,USD,1267.497,1293.103,1280.3
2009-01-06,USD,1267.497,1293.103,1280.3
2009-01-07,USD,1267.497,1293.103,1280.3
2009-01-08,USD,1267.497,1293.103,1280.3
2009-01-09,USD,1272.15,1297.85,1285.0
2009-01-13,USD,1274.625,1300.375,1287.5
2009-01-14,USD,1274.625,1300.375,1287.5
2009-01-15,USD,1286.01,1311.99,1299.0
2009-01-16,USD,1298.8701,1325.1099,1311.99
2009-01-19,USD,1285.5444,1311.78,1298.6622
2009-01-20,USD,1285.2798,1311.51,1298.3949
2009-01-21,USD,1285.2798,1311.51,1298.3949
2009-01-22,USD,1285.2798,1311.51,1298.3949
2009-01-23,USD,1285.2798,1311.51,1298.3949
2009-01-26,USD,1307.7316,1334.42,1321.0758
2009-01-27,USD,1307.7316,1334.42,1321.0758
2009-01-28,USD,1298.1472,1324.64,1311.3936
2009-01-29,USD,1283.8,1310.0,1296.9
2009-01-30,USD,1274.0,1300.0,1287.0
2009-02-02,USD,1274.0,1300.0,1287.0
2009-02-03,USD,1280.321,1306.45,1293.3855
2009-02-04,USD,1281.987,1308.15,1295.0685
2009-02-05,USD,1282.0752,1308.24,1295.1576
2009-02-06,USD,1286.691,1312.95,1299.8205
2009-02-09,USD,1289.9152,1316.24,1303.0776
2009-02-10,USD,1291.0324,1317.38,1304.2062
2009-02-11,USD,1290.4346,1316.77,1303.6023
2009-02-12,USD,1290.6502,1316.99,1303.8201
2009-02-13,USD,1293.2864,1319.68,1306.4832
2009-02-16,USD,1293.5608,1319.96,1306.7604
2009-02-17,USD,1295.4326,1321.87,1308.6513
2009-02-18,USD,1299.9014,1326.43,1313.1657
2009-02-19,USD,1302.6748,1329.26,1315.9674
2009-02-20,USD,1305.899,1332.55,1319.2245
2009-02-23,USD,1299.9798,1326.51,1313.2449
2009-02-24,USD,1295.3836,1321.82,1308.6018
2009-02-25,USD,1293.9332,1320.34,1307.1366
2009-02-26,USD,1290.9834,1317.33,1304.1567
2009-02-27,USD,1289.3076,1315.62,1302.4638
2009-03-02,USD,1288.7,1315.0,1301.85
2009-03-03,USD,1288.6216,1314.92,1301.7708
2009-03-04,USD,1287.72,1314.0,1300.86
2009-03-05,USD,1287.72,1314.0,1300.86
2009-03-06,USD,1282.82,1309.0,1295.91
2009-03-09,USD,1275.96,1302.0,1288.98
2009-03-11,USD,1271.06,1297.0,1284.03
2009-03-12,USD,1269.1,1295.0,1282.05
2009-03-13,USD,1268.12,1294.0,1281.06
2009-03-16,USD,1268.12,1294.0,1281.06
2009-03-17,USD,1269.1,1295.0,1282.05
2009-03-18,USD,1271.06,1297.0,1284.03
2009-03-19,USD,1273.02,1299.0,1286.01
2009-03-20,USD,1273.02,1299.0,1286.01
2009-03-23,USD,1274.0,1300.0,1287.0
2009-03-24,USD,1283.8,1310.0,1296.9
2009-03-25,USD,1291.64,1318.0,1304.82
2009-03-26,USD,1291.64,1318.0,1304.82
2009-03-27,USD,1292.62,1319.0,1305.81
2009-03-30,USD,1298.5,1325.0,1311.75
2009-03-31,USD,1300.46,1327.0,1313.73
2009-04-01,USD,1295.56,1322.0,1308.78
2009-04-02,USD,1298.5,1325.0,1311.75
2009-04-03,USD,1306.34,1333.0,1319.67
2009-04-06,USD,1302.42,1329.0,1315.71
2009-04-08,USD,1302.322,1328.9,1315.611
2009-04-09,USD,1300.46,1327.0,1313.73
2009-04-14,USD,1301.7242,1328.29,1315.0071
2009-04-15,USD,1304.38,1331.0,1317.69
2009-04-16,USD,1303.4,1330.0,1316.7
2009-04-17,USD,1306.34,1333.0,1319.67
2009-04-20,USD,1307.32,1334.0,1320.66
2009-04-21,USD,1309.28,1336.0,1322.64
2009-04-22,USD,1312.22,1339.0,1325.61
2009-04-23,USD,1313.2,1340.0,1326.6
2009-04-24,USD,1314.18,1341.0,1327.59
2009-04-27,USD,1315.0522,1341.89,1328.4711
2009-04-28,USD,1314.9346,1341.77,1328.3523
2009-04-29,USD,1309.0546,1335.77,1322.4123
2009-04-30,USD,1307.0456,1333.72,1320.3828
2009-05-04,USD,1307.2318,1333.91,1320.5709
2009-05-05,USD,1308.2706,1334.97,1321.6203
2009-05-06,USD,1306.585,1333.25,1319.9175
2009-05-07,USD,1301.097,1327.65,1314.3735
2009-05-08,USD,1301.6066,1328.17,1314.8883
2009-05-11,USD,1297.569,1324.05,1310.8095
2009-05-12,USD,1299.382,1325.9,1312.641
2009-05-13,USD,1299.9798,1326.51,1313.2449
2009-05-14,USD,1306.9868,1333.66,1320.3234
2009-05-15,USD,1317.6786,1344.57,1331.1243
2009-05-18,USD,1311.5242,1338.29,1324.9071
2009-05-19,USD,1307.9178,1334.61,1321.2639
2009-05-20,USD,1305.3894,1332.03,1318.7097
2009-05-21,USD,1302.4788,1329.06,1315.7694
2009-05-22,USD,1300.6462,1327.19,1313.9181
2009-05-25,USD,1301.1852,1327.74,1314.4626
2009-05-26,USD,1299.921,1326.45,1313.1855
2009-05-27,USD,1297.2848,1323.76,1310.5224
2009-05-28,USD,1296.7458,1323.21,1309.9779
2009-05-29,USD,1297.1378,1323.61,1310.3739
2009-06-01,USD,1297.8434,1324.33,1311.0867
2009-06-02,USD,1295.9912,1322.44,1309.2156
2009-06-03,USD,1295.9422,1322.39,1309.1661
2009-06-04,USD,1295.9716,1322.42,1309.1958
2009-06-05,USD,1295.756,1322.2,1308.978
2009-06-08,USD,1296.05,1322.5,1309.275
2009-06-09,USD,1291.5518,1317.91,1304.7309
2009-06-10,USD,1282.5946,1308.77,1295.6823
2009-06-11,USD,1283.555,1309.75,1296.6525
2009-06-12,USD,1283.6432,1309.84,1296.7416
2009-06-15,USD,1282.8494,1309.03,1295.9397
2009-06-16,USD,1281.0364,1307.18,1294.1082
2009-06-17,USD,1280.2916,1306.42,1293.3558
2009-06-18,USD,1280.1838,1306.31,1293.2469
2009-06-19,USD,1279.7428,1305.86,1292.8014
2009-06-22,USD,1280.7914,1306.93,1293.8607
2009-06-23,USD,1281.8008,1307.96,1294.8804
2009-06-24,USD,1283.0356,1309.22,1296.1278
2009-06-25,USD,1286.8674,1313.13,1299.9987
2009-06-26,USD,1289.8074,1316.13,1302.9687
2009-06-29,USD,1288.2688,1314.56,1301.4144
2009-06-30,USD,1286.2598,1312.51,1299.3849
2009-07-01,USD,1287.9454,1314.23,1301.0877
2009-07-02,USD,1287.9454,1314.23,1301.0877
2009-07-03,USD,1295.2562,1321.69,1308.4731
2009-07-06,USD,1285.8188,1312.06,1298.9394
2009-07-08,USD,1288.3374,1314.63,1301.4837
2009-07-09,USD,1288.4354,1314.73,1301.5827
2009-07-10,USD,1289.9838,1316.31,1303.1469
2009-07-13,USD,1290.8756,1317.22,1304.0478
2009-07-14,USD,1293.9136,1320.32,1307.1168
2009-07-15,USD,1296.5204,1322.98,1309.7502
2009-07-16,USD,1298.0688,1324.56,1311.3144
2009-07-17,USD,1301.4302,1327.99,1314.7101
2009-07-20,USD,1302.4004,1328.98,1315.6902
2009-07-21,USD,1303.0276,1329.62,1316.3238
2009-07-22,USD,1303.5764,1330.18,1316.8782
2009-07-23,USD,1304.3604,1330.98,1317.6702
2009-07-24,USD,1304.6936,1331.32,1318.0068
2009-07-27,USD,1305.2228,1331.86,1318.5414
2009-07-28,USD,1303.743,1330.35,1317.0465
2009-07-29,USD,1303.008,1329.6,1316.304
2009-07-30,USD,1301.1656,1327.72,1314.4428
2009-07-31,USD,1300.0778,1326.61,1313.3439
2009-08-03,USD,1298.99,1325.5,1312.245
2009-08-04,USD,1298.3236,1324.82,1311.5718
2009-08-05,USD,1297.7062,1324.19,1310.9481
2009-08-06,USD,1297.0006,1323.47,1310.2353
2009-08-07,USD,1291.9144,1318.28,1305.0972
2009-08-10,USD,1291.6694,1318.03,1304.8497
2009-08-11,USD,1291.934,1318.3,1305.117
2009-08-12,USD,1295.5404,1321.98,1308.7602
2009-08-13,USD,1298.1766,1324.67,1311.4233
2009-08-14,USD,1298.3236,1324.82,1311.5718
2009-08-17,USD,1297.8532,1324.34,1311.0966
2009-08-18,USD,1295.3934,1321.83,1308.6117
2009-08-19,USD,1292.7964,1319.18,1305.9882
2009-08-20,USD,1291.9536,1318.32,1305.1368
2009-08-21,USD,1290.7482,1317.09,1303.9191
2009-08-24,USD,1289.8074,1316.13,1302.9687
2009-08-25,USD,1289.2292,1315.54,1302.3846
2009-08-26,USD,1289.0822,1315.39,1302.2361
2009-08-27,USD,1288.945,1315.25,1302.0975
2009-08-28,USD,1288.6314,1314.93,1301.7807
2009-08-31,USD,1288.6902,1314.99,1301.8401
2009-09-01,USD,1290.2484,1316.58,1303.4142
2009-09-02,USD,1290.9148,1317.26,1304.0874
2009-09-03,USD,1290.8266,1317.17,1303.9983
2009-09-04,USD,1288.8176,1315.12,1301.9688
2009-09-07,USD,1287.1516,1313.42,1300.2858
2009-09-08,USD,1285.956,1312.2,1299.078
2009-09-09,USD,1282.8788,1309.06,1295.9694
2009-09-10,USD,1282.82,1309.0,1295.91
2009-09-11,USD,1282.8984,1309.08,1295.9892
2009-09-14,USD,1282.918,1309.1,1296.009
2009-09-15,USD,1282.7122,1308.89,1295.8011
2009-09-16,USD,1282.2026,1308.37,1295.2863
2009-09-17,USD,1280.076,1306.2,1293.138
2009-09-18,USD,1280.0368,1306.16,1293.0984
2009-09-22,USD,1279.6056,1305.72,1292.6628
2009-09-23,USD,1278.6452,1304.74,1291.6926
2009-09-24,USD,1274.4508,1300.46,1287.4554
2009-09-25,USD,1273.5492,1299.54,1286.5446
2009-09-28,USD,1274.5194,1300.53,1287.5247
2009-09-29,USD,1283.6334,1309.83,1296.7317
2009-09-30,USD,1289.5624,1315.88,1302.7212
2009-10-01,USD,1286.446,1312.7,1299.573
2009-10-02,USD,1285.0054,1311.23,1298.1177
2009-10-05,USD,1283.9274,1310.13,1297.0287
2009-10-06,USD,1284.0254,1310.23,1297.1277
2009-10-07,USD,1283.5648,1309.76,1296.6624
2009-10-08,USD,1283.0748,1309.26,1296.1674
2009-10-09,USD,1285.2308,1311.46,1298.3454
2009-10-12,USD,1287.3182,1313.59,1300.4541
2009-10-13,USD,1288.455,1314.75,1301.6025
2009-10-15,USD,1290.1602,1316.49,1303.3251
2009-10-16,USD,1291.1304,1317.48,1304.3052
2009-10-19,USD,1292.8062,1319.19,1305.9981
2009-10-20,USD,1293.3452,1319.74,1306.5426
2009-10-21,USD,1293.2668,1319.66,1306.4634
2009-10-22,USD,1291.8556,1318.22,1305.0378
2009-10-23,USD,1291.7674,1318.13,1304.9487
2009-10-26,USD,1291.7478,1318.11,1304.9289
2009-10-27,USD,1292.669,1319.05,1305.8595
2009-10-28,USD,1294.384,1320.8,1307.592
2009-10-29,USD,1294.2664,1320.68,1307.4732
2009-10-30,USD,1294.3448,1320.76,1307.5524
2009-11-02,USD,1294.7368,1321.16,1307.9484
2009-11-03,USD,1294.6976,1321.12,1307.9088
2009-11-04,USD,1294.8152,1321.24,1308.0276
2009-11-05,USD,1295.5502,1321.99,1308.7701
2009-11-06,USD,1295.952,1322.4,1309.176
2009-11-09,USD,1296.197,1322.65,1309.4235
2009-11-10,USD,1297.226,1323.7,1310.463
2009-11-11,USD,1297.8434,1324.33,1311.0867
2009-11-12,USD,1298.2354,1324.73,1311.4827
2009-11-13,USD,1298.2844,1324.78,1311.5322
2009-11-16,USD,1298.0688,1324.56,1311.3144
2009-11-17,USD,1300.4992,1327.04,1313.7696
2009-11-18,USD,1300.607,1327.15,1313.8785
2009-11-19,USD,1300.4992,1327.04,1313.7696
2009-11-20,USD,1302.2338,1328.81,1315.5219
2009-11-23,USD,1301.7732,1328.34,1315.0566
2009-11-24,USD,1301.489,1328.05,1314.7695
2009-11-25,USD,1301.4498,1328.01,1314.7299
2009-11-26,USD,1301.44,1328.0,1314.72
2009-11-27,USD,1301.4988,1328.06,1314.7794
2009-11-30,USD,1301.4498,1328.01,1314.7299
2009-12-01,USD,1301.4498,1328.01,1314.7299
2009-12-02,USD,1301.4498,1328.01,1314.7299
2009-12-03,USD,1301.7928,1328.36,1315.0764
2009-12-04,USD,1301.734,1328.3,1315.017
2009-12-07,USD,1301.7732,1328.34,1315.0566
2009-12-08,USD,1301.8124,1328.38,1315.0962
2009-12-10,USD,1301.8222,1328.39,1315.1061
2009-12-11,USD,1302.1554,1328.73,1315.4427
2009-12-14,USD,1302.2828,1328.86,1315.5714
2009-12-15,USD,1302.3612,1328.94,1315.6506
2009-12-16,USD,1302.4004,1328.98,1315.6902
2009-12-17,USD,1302.3612,1328.94,1315.6506
2009-12-18,USD,1302.3416,1328.92,1315.6308
2009-12-21,USD,1302.5278,1329.11,1315.8189
2009-12-22,USD,1302.616,1329.2,1315.908
2009-12-23,USD,1302.5964,1329.18,1315.8882
2009-12-24,USD,1300.4698,1327.01,1313.7399
2009-12-28,USD,1291.3166,1317.67,1304.4933
2009-12-29,USD,1293.7078,1320.11,1306.9089
2009-12-30,USD,1296.344,1322.8,1309.572
2009-12-31,USD,1300.0288,1326.56,1313.2944
2010-01-04,USD,1300.2934,1326.83,1313.5617
2010-01-05,USD,1300.6658,1327.21,1313.9379
2010-01-06,USD,1301.1264,1327.68,1314.4032
2010-01-07,USD,1301.636,1328.2,1314.918
2010-01-08,USD,1302.322,1328.9,1315.611
2010-01-11,USD,1302.4004,1328.98,1315.6902
2010-01-13,USD,1302.4886,1329.07,1315.7793
2010-01-14,USD,1302.4592,1329.04,1315.7496
2010-01-15,USD,1302.7826,1329.37,1316.0763
2010-01-18,USD,1302.9002,1329.49,1316.1951
2010-01-19,USD,1305.066,1331.7,1318.383
2010-01-20,USD,1308.1922,1334.89,1321.5411
2010-01-21,USD,1308.2118,1334.91,1321.5609
2010-01-22,USD,1309.3388,1336.06,1322.6994
2010-01-25,USD,1309.6916,1336.42,1323.0558
2010-01-26,USD,1310.0248,1336.76,1323.3924
2010-01-27,USD,1310.1522,1336.89,1323.5211
2010-01-28,USD,1310.2404,1336.98,1323.6102
2010-01-29,USD,1310.2502,1336.99,1323.6201
2010-02-01,USD,1310.26,1337.0,1323.63
2010-02-02,USD,1310.8186,1337.57,1324.1943
2010-02-03,USD,1310.799,1337.55,1324.1745
2010-02-04,USD,1310.8676,1337.62,1324.2438
2010-02-05,USD,1311.1224,1337.88,1324.5012
2010-02-08,USD,1311.1616,1337.92,1324.5408
2010-02-09,USD,1311.3674,1338.13,1324.7487
2010-02-10,USD,1311.8084,1338.58,1325.1942
2010-02-11,USD,1311.6516,1338.42,1325.0358
2010-02-12,USD,1311.7104,1338.48,1325.0952
2010-02-15,USD,1311.7986,1338.57,1325.1843
2010-02-16,USD,1311.8672,1338.64,1325.2536
2010-02-17,USD,1311.7496,1338.52,1325.1348
2010-02-18,USD,1311.7888,1338.56,1325.1744
2010-02-19,USD,1311.8182,1338.59,1325.2041
2010-02-22,USD,1312.2004,1338.98,1325.5902
2010-02-23,USD,1312.122,1338.9,1325.511
2010-02-24,USD,1312.269,1339.05,1325.6595
2010-02-25,USD,1312.465,1339.25,1325.8575
2010-02-26,USD,1312.6414,1339.43,1326.0357
2010-03-01,USD,1312.7982,1339.59,1326.1941
2010-03-02,USD,1312.9648,1339.76,1326.3624
2010-03-03,USD,1313.0236,1339.82,1326.4218
2010-03-04,USD,1312.9942,1339.79,1326.3921
2010-03-05,USD,1312.9452,1339.74,1326.3426
2010-03-08,USD,1313.5038,1340.31,1326.9069
2010-03-09,USD,1313.4548,1340.26,1326.8574
2010-03-10,USD,1313.592,1340.4,1326.996
2010-03-11,USD,1313.6116,1340.42,1327.0158
2010-03-12,USD,1313.6704,1340.48,1327.0752
2010-03-15,USD,1313.9742,1340.79,1327.3821
2010-03-16,USD,1314.0918,1340.91,1327.5009
2010-03-17,USD,1314.18,1341.0,1327.59
2010-03-18,USD,1314.18,1341.0,1327.59
2010-03-19,USD,1314.2486,1341.07,1327.6593
2010-03-22,USD,1314.5426,1341.37,1327.9563
2010-03-23,USD,1314.572,1341.4,1327.986
2010-03-24,USD,1315.8852,1342.74,1329.3126
2010-03-25,USD,1316.0518,1342.91,1329.4809
2010-03-26,USD,1316.2086,1343.07,1329.6393
2010-03-29,USD,1316.287,1343.15,1329.7185
2010-03-30,USD,1316.2576,1343.12,1329.6888
2010-03-31,USD,1316.777,1343.65,1330.2135
2010-04-01,USD,1318.4822,1345.39,1331.9361
2010-04-06,USD,1320.0208,1346.96,1333.4904
2010-04-08,USD,1321.0204,1347.98,1334.5002
2010-04-09,USD,1321.481,1348.45,1334.9655
2010-04-12,USD,1321.9416,1348.92,1335.4308
2010-04-13,USD,1322.6472,1349.64,1336.1436
2010-04-14,USD,1322.755,1349.75,1336.2525
2010-04-15,USD,1323.049,1350.05,1336.5495
2010-04-16,USD,1323.7546,1350.77,1337.2623
2010-04-19,USD,1324.4504,1351.48,1337.9652
2010-04-20,USD,1324.5092,1351.54,1338.0246
2010-04-21,USD,1324.8914,1351.93,1338.4107
2010-05-25,USD,1359.4462,1387.19,1373.3181
2010-05-26,USD,1361.0436,1388.82,1374.9318
2010-05-27,USD,1361.6904,1389.48,1375.5852
2010-05-28,USD,1361.9354,1389.73,1375.8327
2010-05-31,USD,1362.053,1389.85,1375.9515
2010-06-01,USD,1362.0824,1389.88,1375.9812
2010-06-02,USD,1362.1608,1389.96,1376.0604
2010-06-03,USD,1362.2392,1390.04,1376.1396
2010-06-04,USD,1362.6802,1390.49,1376.5851
2010-06-07,USD,1362.8468,1390.66,1376.7534
2010-06-08,USD,1363.0918,1390.91,1377.0009
2010-06-09,USD,1363.2878,1391.11,1377.1989
2010-06-10,USD,1363.3368,1391.16,1377.2484
2010-06-11,USD,1363.7974,1391.63,1377.7137
2010-06-14,USD,1363.7876,1391.62,1377.7038
2010-06-15,USD,1363.7386,1391.57,1377.6543
2010-06-16,USD,1363.866,1391.7,1377.783
2010-06-17,USD,1364.0914,1391.93,1378.0107
2010-06-18,USD,1364.2678,1392.11,1378.1889
2010-06-21,USD,1364.5912,1392.44,1378.5156
2010-06-22,USD,1364.8852,1392.74,1378.8126
2010-06-23,USD,1365.0518,1392.91,1378.9809
2010-06-24,USD,1365.0616,1392.92,1378.9908
2010-06-25,USD,1365.14,1393.0,1379.07
2010-06-28,USD,1365.2282,1393.09,1379.1591
2010-06-29,USD,1365.2772,1393.14,1379.2086
2010-06-30,USD,1365.4438,1393.31,1379.3769
2010-07-01,USD,1365.679,1393.55,1379.6145
2010-07-02,USD,1365.679,1393.55,1379.6145
2010-07-05,USD,1365.9436,1393.82,1379.8818
2010-07-06,USD,1366.12,1394.0,1380.06
2010-07-08,USD,1366.0612,1393.94,1380.0006
2010-07-09,USD,1366.4434,1394.33,1380.3867
2010-07-12,USD,1366.5218,1394.41,1380.4659
2010-07-13,USD,1366.8158,1394.71,1380.7629
2010-07-14,USD,1366.8452,1394.74,1380.7926
2010-07-15,USD,1366.9236,1394.82,1380.8718
2010-07-16,USD,1367.0216,1394.92,1380.9708
2010-07-19,USD,1367.2372,1395.14,1381.1886
2010-07-20,USD,1367.2862,1395.19,1381.2381
2010-07-21,USD,1367.4332,1395.34,1381.3866
2010-07-22,USD,1367.394,1395.3,1381.347
2010-07-23,USD,1367.6488,1395.56,1381.6044
2010-07-26,USD,1367.8056,1395.72,1381.7628
2010-07-27,USD,1367.9232,1395.84,1381.8816
2010-07-28,USD,1368.0212,1395.94,1381.9806
2010-07-29,USD,1368.2466,1396.17,1382.2083
2010-07-30,USD,1368.2956,1396.22,1382.2578
2010-08-02,USD,1368.3152,1396.24,1382.2776
2010-08-03,USD,1368.5994,1396.53,1382.5647
2010-08-04,USD,1368.8248,1396.76,1382.7924
2010-08-05,USD,1369.0796,1397.02,1383.0498
2010-08-06,USD,1376.508,1404.6,1390.554
2010-08-09,USD,1377.3508,1405.46,1391.4054
2010-08-10,USD,1392.1586,1420.57,1406.3643
2010-08-11,USD,1409.9848,1438.76,1424.3724
2010-08-12,USD,1424.2634,1453.33,1438.7967
2010-08-13,USD,1368.5994,1396.53,1382.5647
2010-08-16,USD,1434.3574,1463.63,1448.9937
2010-08-17,USD,1435.896,1465.2,1450.548
2010-08-18,USD,1437.5816,1466.92,1452.2508
2010-08-19,USD,1440.0022,1469.39,1454.6961
2010-08-20,USD,1441.0802,1470.49,1455.7851
2010-08-23,USD,1444.5984,1474.08,1459.3392
2010-08-24,USD,1446.382,1475.9,1461.141
2010-08-25,USD,1448.342,1477.9,1463.121
2010-08-26,USD,1450.204,1479.8,1465.002
2010-08-27,USD,1453.1734,1482.83,1468.0017
2010-08-30,USD,1454.5552,1484.24,1469.3976
2010-08-31,USD,1455.7312,1485.44,1470.5856
2010-09-01,USD,1456.7112,1486.44,1471.5756
2010-09-02,USD,1457.8872,1487.64,1472.7636
2010-09-03,USD,1458.9848,1488.76,1473.8724
2010-09-06,USD,1460.004,1489.8,1474.902
2010-09-07,USD,1460.8958,1490.71,1475.8029
2010-09-08,USD,1461.817,1491.65,1476.7335
2010-09-09,USD,1462.9538,1492.81,1477.8819
2010-09-13,USD,1464.0024,1493.88,1478.9412
2010-09-14,USD,1465.002,1494.9,1479.951
2010-09-15,USD,1465.9036,1495.82,1480.8618
2010-09-16,USD,1466.8836,1496.82,1481.8518
2010-09-17,USD,1467.8636,1497.82,1482.8418
2010-09-20,USD,1468.2458,1498.21,1483.2279
2010-09-21,USD,1468.7946,1498.77,1483.7823
2010-09-22,USD,1469.2062,1499.19,1484.1981
2010-09-23,USD,1468.9612,1498.94,1483.9506
2010-09-24,USD,1468.5104,1498.48,1483.4952
2010-09-27,USD,1468.6476,1498.62,1483.6338
2010-09-28,USD,1468.6868,1498.66,1483.6734
2010-09-29,USD,1468.7652,1498.74,1483.7526
2010-09-30,USD,1468.8338,1498.81,1483.8219
2010-10-01,USD,1468.8534,1498.83,1483.8417
2010-10-04,USD,1465.7664,1495.68,1480.7232
2010-10-05,USD,1458.3968,1488.16,1473.2784
2010-10-06,USD,1453.1244,1482.78,1467.9522
2010-10-07,USD,1452.752,1482.4,1467.576
2010-10-08,USD,1459.5826,1489.37,1474.4763
2010-10-11,USD,1468.8338,1498.81,1483.8219
2010-10-12,USD,1468.8632,1498.84,1483.8516
2010-10-13,USD,1469.7158,1499.71,1484.7129
2010-10-15,USD,1469.8922,1499.89,1484.8911
2010-10-18,USD,1468.8632,1498.84,1483.8516
2010-10-19,USD,1466.57,1496.5,1481.535
2010-10-20,USD,1465.4724,1495.38,1480.4262
2010-10-21,USD,1467.354,1497.3,1482.327
2010-10-22,USD,1468.6574,1498.63,1483.6437
2010-10-25,USD,1469.2258,1499.21,1484.2179
2010-10-26,USD,1468.5496,1498.52,1483.5348
2010-10-27,USD,1467.7166,1497.67,1482.6933
2010-10-28,USD,1467.942,1497.9,1482.921
2010-10-29,USD,1467.0796,1497.02,1482.0498
2010-11-01,USD,1467.7362,1497.69,1482.7131
2010-11-02,USD,1468.8142,1498.79,1483.8021
2010-11-03,USD,1467.8538,1497.81,1482.8319
2010-11-04,USD,1467.3442,1497.29,1482.3171
2010-11-05,USD,1466.5602,1496.49,1481.5251
2010-11-08,USD,1463.777,1493.65,1478.7135
2010-11-09,USD,1462.8656,1492.72,1477.7928
2010-11-10,USD,1460.7586,1490.57,1475.6643
2010-11-11,USD,1461.5426,1491.37,1476.4563
2010-11-12,USD,1461.5328,1491.36,1476.4464
2010-11-15,USD,1463.4046,1493.27,1478.3373
2010-11-16,USD,1465.0314,1494.93,1479.9807
2010-11-18,USD,1465.9722,1495.89,1480.9311
2010-11-19,USD,1466.7072,1496.64,1481.6736
2010-11-22,USD,1464.7374,1494.63,1479.6837
2010-11-23,USD,1456.0938,1485.81,1470.9519
2010-11-24,USD,1456.9939,1486.7285,1471.8612
2010-11-25,USD,1458.436,1488.2,1473.318
2010-11-26,USD,1454.614,1484.3,1469.457
2010-11-29,USD,1455.2412,1484.94,1470.0906
2010-11-30,USD,1455.6626,1485.37,1470.5163
2010-12-01,USD,1456.2212,1485.94,1471.0806
2010-12-02,USD,1457.4168,1487.16,1472.2884
2010-12-03,USD,1457.799,1487.55,1472.6745
2010-12-06,USD,1455.5254,1485.23,1470.3777
2010-12-07,USD,1450.694,1480.3,1465.497
2010-12-08,USD,1447.9892,1477.54,1462.7646
2010-12-10,USD,1447.6364,1477.18,1462.4082
2010-12-13,USD,1447.6756,1477.22,1462.4478
2010-12-14,USD,1436.9054,1466.23,1451.5677
2010-12-15,USD,1426.6056,1455.72,1441.1628
2010-12-16,USD,1414.5222,1443.39,1428.9561
2010-12-17,USD,1403.7716,1432.42,1418.0958
2010-12-20,USD,1401.6254,1430.23,1415.9277
2010-12-21,USD,1413.65,1442.5,1428.075
2010-12-22,USD,1418.2658,1447.21,1432.7379
2010-12-23,USD,1427.3406,1456.47,1441.9053
2010-12-24,USD,1434.6416,1463.92,1449.2808
2010-12-27,USD,1430.4374,1459.63,1445.0337
2010-12-28,USD,1429.7024,1458.88,1444.2912
2010-12-29,USD,1432.0544,1461.28,1446.6672
2010-12-30,USD,1438.5616,1467.92,1453.2408
2010-12-31,USD,1438.8556,1468.22,1453.5378
2011-01-03,USD,1440.453,1469.85,1455.1515
2011-01-04,USD,1451.5956,1481.22,1466.4078
2011-01-05,USD,1450.89,1480.5,1465.695
2011-01-06,USD,1435.4354,1464.73,1450.0827
2011-01-07,USD,1441.2566,1470.67,1455.9633
2011-01-10,USD,1442.2072,1471.64,1456.9236
2011-01-11,USD,1445.6764,1475.18,1460.4282
2011-01-13,USD,1449.7336,1479.32,1464.5268
2011-01-14,USD,1453.0852,1482.74,1467.9126
2011-01-17,USD,1450.0374,1479.63,1464.8337
2011-01-18,USD,1452.2424,1481.88,1467.0612
2011-01-19,USD,1459.2788,1489.06,1474.1694
2011-01-20,USD,1461.131,1490.95,1476.0405
2011-01-21,USD,1465.296,1495.2,1480.248
2011-01-24,USD,1466.9718,1496.91,1481.9409
2011-01-25,USD,1468.9122,1498.89,1483.9011
2011-01-26,USD,1469.5394,1499.53,1484.5347
2011-01-27,USD,1469.8334,1499.83,1484.8317
2011-01-28,USD,1469.8726,1499.87,1484.8713
2011-01-31,USD,1468.2948,1498.26,1483.2774
2011-02-01,USD,1469.706,1499.7,1484.703
2011-02-02,USD,1469.7256,1499.72,1484.7228
2011-02-03,USD,1469.9314,1499.93,1484.9307
2011-02-04,USD,1470.4704,1500.48,1485.4752
2011-02-07,USD,1471.5484,1501.58,1486.5642
2011-02-08,USD,1472.45,1502.5,1487.475
2011-02-09,USD,1473.332,1503.4,1488.366
2011-02-10,USD,1472.7832,1502.84,1487.8116
2011-02-11,USD,1471.225,1501.25,1486.2375
2011-02-14,USD,1470.0098,1500.01,1485.0099
2011-02-15,USD,1471.1074,1501.13,1486.1187
2011-02-17,USD,1471.9992,1502.04,1487.0196
2011-02-18,USD,1472.94,1503.0,1487.97
2011-02-21,USD,1474.7824,1504.88,1489.8312
2011-02-22,USD,1479.359,1509.55,1494.4545
2011-02-23,USD,1482.348,1512.6,1497.474
2011-02-24,USD,1482.3284,1512.58,1497.4542
2011-02-25,USD,1482.8968,1513.16,1498.0284
2011-02-28,USD,1485.3664,1515.68,1500.5232
2011-03-01,USD,1486.4934,1516.83,1501.6617
2011-03-02,USD,1486.4248,1516.76,1501.5924
2011-03-03,USD,1484.8078,1515.11,1499.9589
2011-03-04,USD,1483.7004,1513.98,1498.8402
2011-03-07,USD,1483.0732,1513.34,1498.2066
2011-03-08,USD,1482.2696,1512.52,1497.3948
2011-03-09,USD,1482.0442,1512.29,1497.1671
2011-03-10,USD,1481.4954,1511.73,1496.6127
2011-03-11,USD,1469.2258,1499.21,1484.2179
2011-03-14,USD,1481.7404,1511.98,1496.8602
2011-03-15,USD,1484.2002,1514.49,1499.3451
2011-03-16,USD,1484.9842,1515.29,1500.1371
2011-03-17,USD,1480.7016,1510.92,1495.8108
2011-03-18,USD,1475.6644,1505.78,1490.7222
2011-03-21,USD,1475.8702,1505.99,1490.9301
2011-03-22,USD,1476.468,1506.6,1491.534
2011-03-23,USD,1476.3504,1506.48,1491.4152
2011-03-24,USD,1475.3116,1505.42,1490.3658
2011-03-25,USD,1469.2062,1499.19,1484.1981
2011-03-28,USD,1467.9714,1497.93,1482.9507
2011-03-29,USD,1472.3814,1502.43,1487.4057
2011-03-30,USD,1472.3814,1502.43,1487.4057
2011-03-31,USD,1475.6938,1505.81,1490.7519
2011-04-01,USD,1473.8416,1503.92,1488.8808
2011-04-04,USD,1475.8212,1505.94,1490.8806
2011-04-05,USD,1475.7722,1505.89,1490.8311
2011-04-06,USD,1475.733,1505.85,1490.7915
2011-04-08,USD,1476.1152,1506.24,1491.1776
2011-04-11,USD,1478.6926,1508.87,1493.7813
2011-04-12,USD,1480.2018,1510.41,1495.3059
2011-04-13,USD,1481.0348,1511.26,1496.1474
2011-04-14,USD,1481.7012,1511.94,1496.8206
2011-04-15,USD,1481.7208,1511.96,1496.8404
2011-04-18,USD,1481.2994,1511.53,1496.4147
2011-04-19,USD,1480.976,1511.2,1496.088
2011-04-20,USD,1481.3582,1511.59,1496.4741
2011-04-21,USD,1482.2108,1512.46,1497.3354
2011-04-27,USD,1481.7894,1512.03,1496.9097
2011-04-28,USD,1481.9756,1512.22,1497.0978
2011-04-29,USD,1481.9364,1512.18,1497.0582
2011-05-02,USD,1481.6032,1511.84,1496.7216
2011-05-03,USD,1482.0834,1512.33,1497.2067
2011-05-04,USD,1482.4656,1512.72,1497.5928
2011-05-05,USD,1482.9752,1513.24,1498.1076
2011-05-06,USD,1483.3084,1513.58,1498.4442
2011-05-09,USD,1483.7004,1513.98,1498.8402
2011-05-10,USD,1484.2492,1514.54,1499.3946
2011-05-11,USD,1484.308,1514.6,1499.454
2011-05-12,USD,1484.8176,1515.12,1499.9688
2011-05-13,USD,1485.3468,1515.66,1500.5034
2011-05-16,USD,1485.7192,1516.04,1500.8796
2011-05-17,USD,1487.7772,1518.14,1502.9586
2011-05-18,USD,1488.7474,1519.13,1503.9387
2011-05-19,USD,1490.6486,1521.07,1505.8593
2011-05-20,USD,1493.2554,1523.73,1508.4927
2011-05-23,USD,1494.7646,1525.27,1510.0173
2011-05-24,USD,1497.0088,1527.56,1512.2844
2011-05-25,USD,1498.8512,1529.44,1514.1456
2011-05-26,USD,1499.4784,1530.08,1514.7792
2011-05-27,USD,1499.9292,1530.54,1515.2346
2011-05-30,USD,1500.331,1530.95,1515.6405
2011-05-31,USD,1502.9868,1533.66,1518.3234
2011-06-01,USD,1504.3294,1535.03,1519.6797
2011-06-02,USD,1505.3878,1536.11,1520.7489
2011-06-03,USD,1507.2498,1538.01,1522.6299
2011-06-06,USD,1509.2784,1540.08,1524.6792
2011-06-07,USD,1513.2082,1544.09,1528.6491
2011-06-08,USD,1517.677,1548.65,1533.1635
2011-06-09,USD,1519.882,1550.9,1535.391
2011-06-10,USD,1524.3802,1555.49,1539.9351
2011-06-13,USD,1528.7608,1559.96,1544.3604
2011-06-14,USD,1527.7906,1558.97,1543.3803
2011-06-15,USD,1526.644,1557.8,1542.222
2011-06-16,USD,1529.1626,1560.37,1544.7663
2011-06-17,USD,1529.192,1560.4,1544.796
2011-06-20,USD,1530.7208,1561.96,1546.3404
2011-06-21,USD,1531.8184,1563.08,1547.4492
2011-06-22,USD,1536.4342,1567.79,1552.1121
2011-06-23,USD,1537.179,1568.55,1552.8645
2011-06-24,USD,1537.424,1568.8,1553.112
2011-06-27,USD,1538.012,1569.4,1553.706
2011-06-28,USD,1547.3612,1578.94,1563.1506
2011-06-29,USD,1556.2106,1587.97,1572.0903
2011-06-30,USD,1563.7272,1595.64,1579.6836
2011-07-01,USD,1566.4124,1598.38,1582.3962
2011-07-04,USD,1566.4124,1598.38,1582.3962
2011-07-05,USD,1579.7992,1612.04,1595.9196
2011-07-06,USD,1581.2398,1613.51,1597.3749
2011-07-08,USD,1569.8718,1601.91,1585.8909
2011-07-11,USD,1564.3054,1596.23,1580.2677
2011-07-12,USD,1554.8386,1586.57,1570.7043
2011-07-13,USD,1548.6156,1580.22,1564.4178
2011-07-14,USD,1538.2374,1569.63,1553.9337
2011-07-15,USD,1534.631,1565.95,1550.2905
2011-07-18,USD,1529.094,1560.3,1544.697
2011-07-19,USD,1522.6456,1553.72,1538.1828
2011-07-20,USD,1525.5268,1556.66,1541.0934
2011-07-21,USD,1533.3962,1564.69,1549.0431
2011-07-22,USD,1538.453,1569.85,1554.1515
2011-07-25,USD,1530.6424,1561.88,1546.2612
2011-07-26,USD,1530.3288,1561.56,1545.9444
2011-07-27,USD,1532.7494,1564.03,1548.3897
2011-07-28,USD,1540.903,1572.35,1556.6265
2011-07-29,USD,1553.7998,1585.51,1569.6549
2011-08-01,USD,1560.552,1592.4,1576.476
2011-08-02,USD,1559.3368,1591.16,1575.2484
2011-08-03,USD,1554.9072,1586.64,1570.7736
2011-08-04,USD,1558.0138,1589.81,1573.9119
2011-08-05,USD,1563.9526,1595.87,1579.9113
2011-08-09,USD,1566.6672,1598.64,1582.6536
2011-08-10,USD,1575.7616,1607.92,1591.8408
2011-08-11,USD,1584.5228,1616.86,1600.6914
2011-08-12,USD,1586.228,1618.6,1602.414
2011-08-15,USD,1587.4628,1619.86,1603.6614
2011-08-16,USD,1591.6866,1624.17,1607.9283
2011-08-17,USD,1594.1758,1626.71,1610.4429
2011-08-18,USD,1594.5874,1627.13,1610.8587
2011-08-19,USD,1593.088,1625.6,1609.344
2011-08-22,USD,1592.0002,1624.49,1608.2451
2011-08-23,USD,1592.5,1625.0,1608.75
2011-08-24,USD,1591.422,1623.9,1607.661
2011-08-25,USD,1591.1966,1623.67,1607.4333
2011-08-26,USD,1590.5792,1623.04,1606.8096
2011-08-29,USD,1588.9818,1621.41,1605.1959
2011-08-30,USD,1588.629,1621.05,1604.8395
2011-09-02,USD,1588.7858,1621.21,1604.9979
2011-09-05,USD,1589.2366,1621.67,1605.4533
2011-09-06,USD,1590.5008,1622.96,1606.7304
2011-09-07,USD,1593.3722,1625.89,1609.6311
2011-09-08,USD,1594.7932,1627.34,1611.0666
2011-09-09,USD,1595.0872,1627.64,1611.3636
2011-09-12,USD,1597.3902,1629.99,1613.6901
2011-09-13,USD,1602.153,1634.85,1618.5015
2011-09-14,USD,1604.7794,1637.53,1621.1547
2011-09-15,USD,1605.1812,1637.94,1621.5606
2011-09-16,USD,1607.0726,1639.87,1623.4713
2011-09-19,USD,1603.4368,1636.16,1619.7984
2011-09-20,USD,1602.398,1635.1,1618.749
2011-09-21,USD,1602.398,1635.1,1618.749
2011-09-22,USD,1603.0448,1635.76,1619.4024
2011-09-23,USD,1602.0452,1634.74,1618.3926
2011-09-26,USD,1605.6418,1638.41,1622.0259
2011-09-27,USD,1624.8302,1657.99,1641.4101
2011-09-28,USD,1643.4698,1677.01,1660.2399
2011-09-29,USD,1632.386,1665.7,1649.043
2011-09-30,USD,1614.7264,1647.68,1631.2032
2011-10-03,USD,1606.661,1639.45,1623.0555
2011-10-04,USD,1615.4614,1648.43,1631.9457
2011-10-05,USD,1626.163,1659.35,1642.7565
2011-10-06,USD,1622.5272,1655.64,1639.0836
2011-10-07,USD,1619.6166,1652.67,1636.1433
2011-10-10,USD,1623.958,1657.1,1640.529
2011-10-11,USD,1639.785,1673.25,1656.5175
2011-10-12,USD,1644.979,1678.55,1661.7645
2011-10-13,USD,1645.4102,1678.99,1662.2001
2011-10-17,USD,1645.9394,1679.53,1662.7347
2011-10-18,USD,1645.4592,1679.04,1662.2496
2011-10-19,USD,1645.322,1678.9,1662.111
2011-10-20,USD,1602.398,1635.1,1618.749
2011-10-21,USD,1643.4894,1677.03,1660.2597
2011-10-24,USD,1642.2546,1675.77,1659.0123
2011-10-25,USD,1643.7344,1677.28,1660.5072
2011-10-26,USD,1645.8218,1679.41,1662.6159
2011-10-27,USD,1654.4654,1688.23,1671.3477
2011-10-28,USD,3335.0724,1667.5362,1650.6924
2011-10-31,USD,1629.7204,1662.98,1646.3502
2011-11-01,USD,1629.0442,1662.29,1645.6671
2011-11-02,USD,1631.0238,1664.31,1647.6669
2011-11-03,USD,1636.551,1669.95,1653.2505
2011-11-04,USD,1639.5008,1672.96,1656.2304
2011-11-07,USD,1644.7242,1678.29,1661.5071
2011-11-08,USD,1645.9492,1679.54,1662.7446
2011-11-09,USD,1645.2044,1678.78,1661.9922
2011-11-10,USD,1643.166,1676.7,1659.933
2011-11-11,USD,1639.2754,1672.73,1656.0027
2011-11-14,USD,1638.0112,1671.44,1654.7256
2011-11-15,USD,1633.8952,1667.24,1650.5676
2011-11-16,USD,1634.2774,1667.63,1650.9537
2011-11-17,USD,1635.4044,1668.78,1652.0922
2011-11-18,USD,1634.9046,1668.27,1651.5873
2011-11-21,USD,1635.2574,1668.63,1651.9437
2011-11-22,USD,1638.0896,1671.52,1654.8048
2011-11-23,USD,1644.4596,1678.02,1661.2398
2011-11-24,USD,1647.9484,1681.58,1664.7642
2011-11-25,USD,1648.3502,1681.99,1665.1701
2011-11-28,USD,1645.028,1678.6,1661.814
2011-11-29,USD,1639.5792,1673.04,1656.3096
2011-11-30,USD,1639.2166,1672.67,1655.9433
2011-12-01,USD,1638.1974,1671.63,1654.9137
2011-12-02,USD,1637.1096,1670.52,1653.8148
2011-12-05,USD,1635.032,1668.4,1651.716
2011-12-06,USD,1627.4664,1660.68,1644.0732
2011-12-07,USD,1619.3814,1652.43,1635.9057
2011-12-08,USD,1588.58,1621.0,1604.79
2011-12-12,USD,1586.9532,1619.34,1603.1466
2011-12-13,USD,1582.7686,1615.07,1598.9193
2011-12-14,USD,1578.3488,1610.56,1594.4544
2011-12-15,USD,1574.1838,1606.31,1590.2469
2011-12-16,USD,1563.1392,1595.04,1579.0896
2011-12-19,USD,1575.8008,1607.96,1591.8804
2011-12-20,USD,1567.8628,1599.86,1583.8614
2011-12-21,USD,1558.8272,1590.64,1574.7336
2011-12-22,USD,1555.6324,1587.38,1571.5062
2011-12-23,USD,1557.6512,1589.44,1573.5456
2011-12-27,USD,1563.0412,1594.94,1578.9906
2011-12-28,USD,1559.6406,1591.47,1575.5553
2011-12-29,USD,1556.0244,1587.78,1571.9022
2011-12-30,USD,1550.8304,1582.48,1566.6552
2012-01-02,USD,1555.8578,1587.61,1571.7339
2012-01-03,USD,1554.9758,1586.71,1570.8429
2012-01-04,USD,1554.5936,1586.32,1570.4568
2012-01-05,USD,1554.3094,1586.03,1570.1697
2012-01-06,USD,1555.4952,1587.24,1571.3676
2012-01-09,USD,1555.3874,1587.13,1571.2587
2012-01-10,USD,1553.9566,1585.67,1569.8133
2012-01-11,USD,1553.1922,1584.89,1569.0411
2012-01-13,USD,1553.4274,1585.13,1569.2787
2012-01-16,USD,1553.7704,1585.48,1569.6252
2012-01-17,USD,1554.9268,1586.66,1570.7934
2012-01-18,USD,1555.4658,1587.21,1571.3379
2012-01-19,USD,1559.8268,1591.66,1575.7434
2012-01-20,USD,1557.2788,1589.06,1573.1694
2012-01-23,USD,1557.4062,1589.19,1573.2981
2012-01-24,USD,1558.837,1590.65,1574.7435
2012-01-25,USD,1558.3176,1590.12,1574.2188
2012-01-26,USD,1559.1114,1590.93,1575.0207
2012-01-27,USD,1559.2388,1591.06,1575.1494
2012-01-30,USD,1559.3074,1591.13,1575.2187
2012-01-31,USD,1559.7778,1591.61,1575.6939
2012-02-01,USD,1559.4152,1591.24,1575.3276
2012-02-02,USD,1558.9644,1590.78,1574.8722
2012-02-03,USD,1557.9648,1589.76,1573.8624
2012-02-06,USD,1555.3384,1587.08,1571.2092
2012-02-07,USD,1555.8088,1587.56,1571.6844
2012-02-08,USD,1556.1714,1587.93,1572.0507
2012-02-09,USD,1556.191,1587.95,1572.0705
2012-02-10,USD,1556.0734,1587.83,1571.9517
2012-02-13,USD,1556.2988,1588.06,1572.1794
2012-02-14,USD,1556.975,1588.75,1572.8625
2012-02-15,USD,1557.0142,1588.79,1572.9021
2012-02-16,USD,1557.1612,1588.94,1573.0506
2012-02-17,USD,1557.4454,1589.23,1573.3377
2012-02-20,USD,1557.3572,1589.14,1573.2486
2012-02-21,USD,1562.1004,1593.98,1578.0402
2012-02-22,USD,1559.2682,1591.09,1575.1791
2012-02-23,USD,1559.0134,1590.83,1574.9217
2012-02-24,USD,1558.9448,1590.76,1574.8524
2012-02-27,USD,1556.8182,1588.59,1572.7041
2012-02-28,USD,1556.7594,1588.53,1572.6447
2012-02-29,USD,1557.71,1589.5,1573.605
2012-03-01,USD,1557.8766,1589.67,1573.7733
2012-03-02,USD,1555.2894,1587.03,1571.1597
2012-03-05,USD,1556.2008,1587.96,1572.0804
2012-03-06,USD,1557.8962,1589.69,1573.7931
2012-03-07,USD,1556.6908,1588.46,1572.5754
2012-03-08,USD,1556.8182,1588.59,1572.7041
2012-03-09,USD,1557.073,1588.85,1572.9615
2012-03-12,USD,1557.22,1589.0,1573.11
2012-03-13,USD,1558.0922,1589.89,1573.9911
2012-03-14,USD,1558.1118,1589.91,1574.0109
2012-03-15,USD,1558.004,1589.8,1573.902
2012-03-16,USD,1557.759,1589.55,1573.6545
2012-03-19,USD,1557.8374,1589.63,1573.7337
2012-03-20,USD,1557.8766,1589.67,1573.7733
2012-03-21,USD,1558.053,1589.85,1573.9515
2012-03-22,USD,1558.1902,1589.99,1574.0901
2012-03-23,USD,1557.8276,1589.62,1573.7238
2012-03-26,USD,1558.102,1589.9,1574.001
2012-03-27,USD,1557.8766,1589.67,1573.7733
2012-03-28,USD,1558.1902,1589.99,1574.0901
2012-03-29,USD,1558.396,1590.2,1574.298
2012-03-30,USD,1559.1114,1590.93,1575.0207
2012-04-02,USD,1557.808,1589.6,1573.704
2012-04-03,USD,1557.1612,1588.94,1573.0506
2012-04-04,USD,1556.0832,1587.84,1571.9616
2012-04-05,USD,1552.8198,1584.51,1568.6649
2012-04-10,USD,1552.0358,1583.71,1567.8729
2012-04-11,USD,1552.2612,1583.94,1568.1006
2012-04-12,USD,1552.663,1584.35,1568.5065
2012-04-13,USD,1551.8006,1583.47,1567.6353
2012-04-16,USD,1553.0354,1584.73,1568.8827
2012-04-17,USD,1552.9668,1584.66,1568.8134
2012-04-18,USD,1553.1628,1584.86,1569.0114
2012-04-19,USD,1552.8884,1584.58,1568.7342
2012-04-20,USD,1553.0746,1584.77,1568.9223
2012-04-23,USD,1553.251,1584.95,1569.1005
2012-04-24,USD,1552.9276,1584.62,1568.7738
2012-04-25,USD,1552.6924,1584.38,1568.5362
2012-04-27,USD,1553.2804,1584.98,1569.1302
2012-04-30,USD,1552.5356,1584.22,1568.3778
2012-05-02,USD,1553.1628,1584.86,1569.0114
2012-05-03,USD,1550.6344,1582.28,1566.4572
2012-05-04,USD,1552.2416,1583.92,1568.0808
2012-05-07,USD,1552.0456,1583.72,1567.8828
2012-05-08,USD,1551.5458,1583.21,1567.3779
2012-05-09,USD,1551.2518,1582.91,1567.0809
2012-05-10,USD,1550.409,1582.05,1566.2295
2012-05-11,USD,1549.184,1580.8,1564.992
2012-05-14,USD,1550.066,1581.7,1565.883
2012-05-15,USD,1550.8402,1582.49,1566.6651
2012-05-16,USD,1552.6434,1584.33,1568.4867
2012-05-17,USD,1553.251,1584.95,1569.1005
2012-05-18,USD,1553.692,1585.4,1569.546
2012-05-21,USD,1555.1032,1586.84,1570.9716
2012-05-22,USD,1557.1318,1588.91,1573.0209
2012-05-23,USD,1557.2788,1589.06,1573.1694
2012-05-24,USD,1557.3278,1589.11,1573.2189
2012-05-25,USD,1553.6626,1585.37,1569.5163
2012-05-28,USD,1554.231,1585.95,1570.0905
2012-05-29,USD,1554.28,1586.0,1570.14
2012-05-30,USD,1554.8484,1586.58,1570.7142
2012-05-31,USD,1554.917,1586.65,1570.7835
2012-06-01,USD,1555.162,1586.9,1571.031
2012-06-04,USD,1555.3286,1587.07,1571.1993
2012-06-05,USD,1555.6618,1587.41,1571.5359
2012-06-06,USD,1556.3282,1588.09,1572.2091
2012-06-07,USD,1557.22,1589.0,1573.11
2012-06-08,USD,1556.9848,1588.76,1572.8724
2012-06-11,USD,1573.5742,1589.31,1581.4421
2012-06-12,USD,1571.7624,1587.48,1579.6212
2012-06-13,USD,1571.406,1587.12,1579.263
2012-06-14,USD,1570.2278,1585.93,1578.0789
2012-06-15,USD,1570.3664,1586.07,1578.2182
2012-06-18,USD,1569.9108,1585.61,1577.7604
2012-06-19,USD,1569.5148,1585.21,1577.3624
2012-06-20,USD,1569.198,1584.89,1577.044
2012-06-21,USD,1569.802,1585.5,1577.651
2012-06-22,USD,1568.9306,1584.62,1576.7753
2012-06-25,USD,1568.208,1583.89,1576.049
2012-06-26,USD,1567.208,1582.88,1575.044
2012-06-27,USD,1566.01,1581.67,1573.84
2012-06-28,USD,1561.8316,1577.45,1569.6408
2012-06-29,USD,1561.109,1576.72,1568.9145
2012-07-02,USD,1561.99,1577.61,1569.8
2012-07-03,USD,1564.396,1580.04,1572.218
2012-07-04,USD,1566.8218,1582.49,1574.6559
2012-07-05,USD,1566.9306,1582.6,1574.7653
2012-07-06,USD,1567.109,1582.78,1574.9445
2012-07-09,USD,1567.6732,1583.35,1575.5116
2012-07-10,USD,1567.8316,1583.51,1575.6708
2012-07-11,USD,1568.0892,1583.77,1575.9296
2012-07-12,USD,1568.4752,1584.16,1576.3176
2012-07-13,USD,1568.7326,1584.42,1576.5763
2012-07-16,USD,1569.1882,1584.88,1577.0341
2012-07-17,USD,1569.4554,1585.15,1577.3027
2012-07-18,USD,1570.0198,1585.72,1577.8699
2012-07-19,USD,1570.2674,1585.97,1578.1187
2012-07-20,USD,1570.3466,1586.05,1578.1983
2012-07-23,USD,1570.4752,1586.18,1578.3276
2012-07-24,USD,1570.3366,1586.04,1578.1883
2012-07-25,USD,1569.8316,1585.53,1577.6808
2012-07-26,USD,1568.4554,1584.14,1576.2977
2012-07-27,USD,1567.6238,1583.3,1575.4619
2012-07-30,USD,1567.2674,1582.94,1575.1037
2012-07-31,USD,1566.9604,1582.63,1574.7952
2012-08-01,USD,1566.5446,1582.21,1574.3773
2012-08-02,USD,1565.5148,1581.17,1573.3424
2012-08-03,USD,1564.7524,1580.4,1572.5762
2012-08-06,USD,1563.9604,1579.6,1571.7802
2012-08-07,USD,1564.0792,1579.72,1571.8996
2012-08-09,USD,1563.198,1578.83,1571.014
2012-08-10,USD,1563.3268,1578.96,1571.1434
2012-08-13,USD,1564.505,1580.15,1572.3275
2012-08-14,USD,1564.5842,1580.23,1572.4071
2012-08-15,USD,1565.307,1580.96,1573.1335
2012-08-16,USD,1565.406,1581.06,1573.233
2012-08-17,USD,1565.0694,1580.72,1572.8947
2012-08-21,USD,1562.9208,1578.55,1570.7354
2012-08-22,USD,1562.3564,1577.98,1570.1682
2012-08-23,USD,1560.5346,1576.14,1568.3373
2012-08-24,USD,1562.099,1577.72,1569.9095
2012-08-27,USD,1559.307,1574.9,1567.1035
2012-08-28,USD,1559.0,1574.59,1566.795
2012-08-29,USD,1558.6238,1574.21,1566.4169
2012-08-30,USD,1559.5842,1575.18,1567.3821
2012-08-31,USD,1559.406,1575.0,1567.203
2012-09-03,USD,1560.3466,1575.95,1568.1483
2012-09-04,USD,1560.5346,1576.14,1568.3373
2012-09-05,USD,1561.2376,1576.85,1569.0438
2012-09-06,USD,1561.1882,1576.8,1568.9941
2012-09-07,USD,1560.594,1576.2,1568.397
2012-09-10,USD,1560.5446,1576.15,1568.3473
2012-09-11,USD,1559.2476,1574.84,1567.0438
2012-09-12,USD,1559.0,1574.59,1566.795
2012-09-13,USD,1558.9504,1574.54,1566.7452
2012-09-14,USD,1558.4852,1574.07,1566.2776
2012-09-17,USD,1558.4456,1574.03,1566.2378
2012-09-18,USD,1558.5248,1574.11,1566.3174
2012-09-19,USD,1559.0396,1574.63,1566.8348
2012-09-20,USD,1559.1386,1574.73,1566.9343
2012-09-21,USD,1560.3664,1575.97,1568.1682
2012-09-24,USD,1561.2178,1576.83,1569.0239
2012-09-25,USD,1561.7822,1577.4,1569.5911
2012-09-26,USD,1561.7524,1577.37,1569.5612
2012-09-27,USD,1561.495,1577.11,1569.3025
2012-09-28,USD,1561.4554,1577.07,1569.2627
2012-10-01,USD,1562.3466,1577.97,1570.1583
2012-10-02,USD,1561.6436,1577.26,1569.4518
2012-10-03,USD,1561.5742,1577.19,1569.3821
2012-10-04,USD,1561.5544,1577.17,1569.3622
2012-10-05,USD,1560.6138,1576.22,1568.4169
2012-10-08,USD,1559.4554,1575.05,1567.2527
2012-10-09,USD,1559.8614,1575.46,1567.6607
2012-10-10,USD,1560.2574,1575.86,1568.0587
2012-10-11,USD,1560.6238,1576.23,1568.4269
2012-10-12,USD,1561.1386,1576.75,1568.9443
2012-10-15,USD,1561.297,1576.91,1569.1035
2012-10-16,USD,1561.3168,1576.93,1569.1234
2012-10-17,USD,1561.406,1577.02,1569.213
2012-10-18,USD,1563.2574,1578.89,1571.0737
2012-10-19,USD,1564.1684,1579.81,1571.9892
2012-10-22,USD,1564.208,1579.85,1572.029
2012-10-23,USD,1563.9702,1579.61,1571.7901
2012-10-24,USD,1563.9406,1579.58,1571.7603
2012-10-25,USD,1563.604,1579.24,1571.422
2012-10-29,USD,1561.5248,1577.14,1569.3324
2012-10-30,USD,1563.1882,1578.82,1571.0041
2012-10-31,USD,1564.1684,1579.81,1571.9892
2012-11-01,USD,1565.3762,1581.03,1573.2031
2012-11-02,USD,1561.693,1577.31,1569.5015
2012-11-05,USD,1563.0792,1578.71,1570.8946
2012-11-06,USD,1563.594,1579.23,1571.412
2012-11-07,USD,1564.109,1579.75,1571.9295
2012-11-08,USD,1563.9504,1579.59,1571.7702
2012-11-09,USD,1564.1486,1579.79,1571.9693
2012-11-12,USD,1564.198,1579.84,1572.019
2012-11-13,USD,1564.4654,1580.11,1572.2877
2012-11-14,USD,1564.5544,1580.2,1572.3772
2012-11-15,USD,1565.6336,1581.29,1573.4618
2012-11-16,USD,1565.8712,1581.53,1573.7006
2012-11-19,USD,1566.0792,1581.74,1573.9096
2012-11-20,USD,1567.1188,1582.79,1574.9544
2012-11-21,USD,1568.0,1583.68,1575.84
2012-11-22,USD,1566.2872,1581.95,1574.1186
2012-11-23,USD,1565.8316,1581.49,1573.6608
2012-11-26,USD,1564.9504,1580.6,1572.7752
2012-11-27,USD,1565.3664,1581.02,1573.1932
2012-11-28,USD,1564.7326,1580.38,1572.5563
2012-11-29,USD,1564.198,1579.84,1572.019
2012-11-30,USD,1563.5644,1579.2,1571.3822
2012-12-03,USD,1563.3564,1578.99,1571.1732
2012-12-04,USD,1562.802,1578.43,1570.616
2012-12-05,USD,1562.4356,1578.06,1570.2478
2012-12-06,USD,1562.297,1577.92,1570.1085
2012-12-07,USD,1561.802,1577.42,1569.611
2012-12-10,USD,1561.9406,1577.56,1569.7503
2012-12-11,USD,1561.9208,1577.54,1569.7304
2012-12-12,USD,1561.6138,1577.23,1569.4219
2012-12-13,USD,1561.6832,1577.3,1569.4916
2012-12-14,USD,1561.8416,1577.46,1569.6508
2012-12-17,USD,1562.198,1577.82,1570.009
2012-12-18,USD,1562.2376,1577.86,1570.0488
2012-12-19,USD,1562.891,1578.52,1570.7055
2012-12-20,USD,1563.297,1578.93,1571.1135
2012-12-21,USD,1563.7128,1579.35,1571.5314
2012-12-24,USD,1563.5148,1579.15,1571.3324
2012-12-27,USD,1563.4554,1579.09,1571.2727
2012-12-28,USD,1563.396,1579.03,1571.213
2012-12-31,USD,1563.802,1579.44,1571.621
2013-01-02,USD,1564.3366,1579.98,1572.1583
2013-01-03,USD,1564.0298,1579.67,1571.8499
2013-01-04,USD,1564.0792,1579.72,1571.8996
2013-01-07,USD,1564.208,1579.85,1572.029
2013-01-08,USD,1563.6832,1579.32,1571.5016
2013-01-09,USD,1563.8614,1579.5,1571.6807
2013-01-10,USD,1565.6336,1581.29,1573.4618
2013-01-11,USD,1566.6732,1582.34,1574.5066
2013-01-14,USD,1567.9702,1583.65,1575.8101
2013-01-15,USD,1567.7326,1583.41,1575.5713
2013-01-16,USD,1568.6732,1584.36,1576.5166
2013-01-17,USD,1570.198,1585.9,1578.049
2013-01-18,USD,1570.495,1586.2,1578.3475
2013-01-21,USD,1570.604,1586.31,1578.457
2013-01-22,USD,1571.4752,1587.19,1579.3326
2013-01-23,USD,1571.8316,1587.55,1579.6908
2013-01-24,USD,1573.5248,1589.26,1581.3924
2013-01-28,USD,1574.01,1589.75,1581.88
2013-01-29,USD,1574.8218,1590.57,1582.6959
2013-01-30,USD,1575.3862,1591.14,1583.2631
2013-01-31,USD,1576.2772,1592.04,1584.1586
2013-02-01,USD,1573.7822,1589.52,1581.6511
2013-02-04,USD,1573.4852,1589.22,1581.3526
2013-02-05,USD,1575.6436,1591.4,1583.5218
2013-02-06,USD,1576.594,1592.36,1584.477
2013-02-07,USD,1576.3862,1592.15,1584.2681
2013-02-08,USD,1575.307,1591.06,1583.1835
2013-02-11,USD,1575.1288,1590.88,1583.0044
2013-02-12,USD,1575.4356,1591.19,1583.3128
2013-02-13,USD,1574.7228,1590.47,1582.5964
2013-02-14,USD,1575.9108,1591.67,1583.7904
2013-02-15,USD,1576.307,1592.07,1584.1885
2013-02-18,USD,1579.2476,1595.04,1587.1438
2013-02-19,USD,1580.4554,1596.26,1588.3577
2013-02-20,USD,1587.0,1602.87,1594.935
2013-02-21,USD,1587.7326,1603.61,1595.6713
2013-02-22,USD,1585.9108,1601.77,1593.8404
2013-02-25,USD,1586.495,1602.36,1594.4275
2013-02-26,USD,1582.3168,1598.14,1590.2284
2013-02-27,USD,1579.2476,1595.04,1587.1438
2013-02-28,USD,1579.6238,1595.42,1587.5219
2013-03-01,USD,1577.1584,1592.93,1585.0442
2013-03-04,USD,1576.7426,1592.51,1584.6263
2013-03-05,USD,1575.6832,1591.44,1583.5616
2013-03-06,USD,1575.792,1591.55,1583.671
2013-03-07,USD,1576.2574,1592.02,1584.1387
2013-03-08,USD,1576.406,1592.17,1584.288
2013-03-11,USD,1576.8614,1592.63,1584.7457
2013-03-12,USD,1576.99,1592.76,1584.875
2013-03-13,USD,1578.3168,1594.1,1586.2084
2013-03-14,USD,1579.4554,1595.25,1587.3527
2013-03-15,USD,1579.6832,1595.48,1587.5816
2013-03-18,USD,1580.0,1595.8,1587.9
2013-03-19,USD,1580.109,1595.91,1588.0095
2013-03-20,USD,1579.802,1595.6,1587.701
2013-03-21,USD,1580.0298,1595.83,1587.9299
2013-03-22,USD,1580.3862,1596.19,1588.2881
2013-03-25,USD,1581.6634,1597.48,1589.5717
2013-03-26,USD,1581.5148,1597.33,1589.4224
2013-03-27,USD,1582.2674,1598.09,1590.1787
2013-03-28,USD,1582.604,1598.43,1590.517
2013-04-02,USD,1582.901,1598.73,1590.8155
2013-04-03,USD,1583.0396,1598.87,1590.9548
2013-04-04,USD,1582.7228,1598.55,1590.6364
2013-04-05,USD,1582.8514,1598.68,1590.7657
2013-04-08,USD,1582.703,1598.53,1590.6165
2013-04-09,USD,1582.9504,1598.78,1590.8652
2013-04-10,USD,1582.396,1598.22,1590.308
2013-04-11,USD,1582.7524,1598.58,1590.6662
2013-04-12,USD,1582.8416,1598.67,1590.7558
2013-04-15,USD,1583.0,1598.83,1590.915
2013-04-16,USD,1583.0396,1598.87,1590.9548
2013-04-17,USD,1583.0694,1598.9,1590.9847
2013-04-18,USD,1583.1584,1598.99,1591.0742
2013-04-19,USD,1582.6832,1598.51,1590.5966
2013-04-22,USD,1582.8416,1598.67,1590.7558
2013-04-23,USD,1582.9702,1598.8,1590.8851
2013-04-24,USD,1583.0198,1598.85,1590.9349
2013-04-25,USD,1583.1486,1598.98,1591.0643
2013-04-29,USD,1583.099,1598.93,1591.0145
2013-04-30,USD,1583.1288,1598.96,1591.0444
2013-05-02,USD,1584.1386,1599.98,1592.0593
2013-05-03,USD,1584.3862,1600.23,1592.3081
2013-05-06,USD,1584.5148,1600.36,1592.4374
2013-05-07,USD,1584.7524,1600.6,1592.6762
2013-05-08,USD,1585.1386,1600.99,1593.0643
2013-05-09,USD,1585.6336,1601.49,1593.5618
2013-05-10,USD,1585.7722,1601.63,1593.7011
2013-05-13,USD,1586.01,1601.87,1593.94
2013-05-14,USD,1585.9108,1601.77,1593.8404
2013-05-15,USD,1586.7426,1602.61,1594.6763
2013-05-16,USD,1587.2574,1603.13,1595.1937
2013-05-17,USD,1587.8118,1603.69,1595.7509
2013-05-20,USD,1588.01,1603.89,1595.95
2013-05-21,USD,1588.109,1603.99,1596.0495
2013-05-22,USD,1588.2178,1604.1,1596.1589
2013-05-23,USD,1588.6732,1604.56,1596.6166
2013-05-24,USD,1588.8614,1604.75,1596.8057
2013-05-27,USD,1588.9802,1604.87,1596.9251
2013-05-28,USD,1589.1882,1605.08,1597.1341
2013-05-29,USD,1590.198,1606.1,1598.149
2013-05-30,USD,1590.9504,1606.86,1598.9052
2013-05-31,USD,1591.4158,1607.33,1599.3729
2013-06-03,USD,1591.7624,1607.68,1599.7212
2013-06-04,USD,1591.901,1607.82,1599.8605
2013-06-05,USD,1592.0,1607.92,1599.96
2013-06-06,USD,1592.2476,1608.17,1600.2088
2013-06-07,USD,1592.7228,1608.65,1600.6864
2013-06-10,USD,1592.9306,1608.86,1600.8953
2013-06-11,USD,1592.802,1608.73,1600.766
2013-06-12,USD,1592.99,1608.92,1600.955
2013-06-13,USD,1593.0792,1609.01,1601.0446
2013-06-14,USD,1593.307,1609.24,1601.2735
2013-06-17,USD,1593.792,1609.73,1601.761
2013-06-18,USD,1593.5346,1609.47,1601.5023
2013-06-19,USD,1593.4852,1609.42,1601.4526
2013-06-20,USD,1593.4554,1609.39,1601.4227
2013-06-21,USD,1593.4258,1609.36,1601.3929
2013-06-24,USD,1593.5644,1609.5,1601.5322
2013-06-25,USD,1593.7822,1609.72,1601.7511
2013-06-26,USD,1594.1188,1610.06,1602.0894
2013-06-27,USD,1594.4852,1610.43,1602.4576
2013-06-28,USD,1597.4456,1613.42,1605.4328
2013-07-01,USD,1592.802,1608.73,1600.766
2013-07-02,USD,1597.5544,1613.53,1605.5422
2013-07-03,USD,1598.198,1614.18,1606.189
2013-07-04,USD,1598.198,1614.18,1606.189
2013-07-05,USD,1598.7426,1614.73,1606.7363
2013-07-08,USD,1599.1684,1615.16,1607.1642
2013-07-09,USD,1600.0198,1616.02,1608.0199
2013-07-10,USD,1600.8514,1616.86,1608.8557
2013-07-11,USD,1600.8514,1616.86,1608.8557
2013-07-12,USD,1599.4554,1615.45,1607.4527
2013-07-15,USD,1600.1684,1616.17,1608.1692
2013-07-16,USD,1600.9604,1616.97,1608.9652
2013-07-17,USD,1602.5248,1618.55,1610.5374
2013-07-18,USD,1603.6436,1619.68,1611.6618
2013-07-19,USD,1603.5148,1619.55,1611.5324
2013-07-22,USD,1603.1584,1619.19,1611.1742
2013-07-23,USD,1603.1386,1619.17,1611.1543
2013-07-24,USD,1603.1386,1619.17,1611.1543
2013-07-25,USD,1603.6534,1619.69,1611.6717
2013-07-26,USD,1604.1188,1620.16,1612.1394
2013-07-29,USD,1605.01,1621.06,1613.035
2013-07-30,USD,1605.01,1621.06,1613.035
2013-07-31,USD,1605.1188,1621.17,1613.1444
2013-08-01,USD,1604.3366,1620.38,1612.3583
2013-08-02,USD,1605.1584,1621.21,1613.1842
2013-08-05,USD,1605.1584,1621.21,1613.1842
2013-08-06,USD,1604.7326,1620.78,1612.7563
2013-08-07,USD,1604.2278,1620.27,1612.2489
2013-08-12,USD,1603.8812,1619.92,1611.9006
2013-08-13,USD,1603.8812,1619.92,1611.9006
2013-08-14,USD,1603.01,1619.04,1611.025
2013-08-15,USD,1602.7228,1618.75,1610.7364
2013-08-16,USD,1603.8712,1619.91,1611.8906
2013-08-19,USD,1603.8712,1619.91,1611.8906
2013-08-20,USD,1603.901,1619.94,1611.9205
2013-08-21,USD,1603.901,1619.94,1611.9205
2013-08-22,USD,1603.6238,1619.66,1611.6419
2013-08-23,USD,1603.6238,1619.66,1611.6419
2013-08-26,USD,1603.891,1619.93,1611.9105
2013-08-27,USD,1603.7128,1619.75,1611.7314
2013-08-28,USD,1603.7128,1619.75,1611.7314
2013-08-29,USD,1562.802,1578.43,1570.616
2013-08-30,USD,1603.3762,1619.41,1611.3931
2013-09-02,USD,1603.2376,1619.27,1611.2538
2013-09-03,USD,1603.2376,1619.27,1611.2538
2013-09-04,USD,1603.4158,1619.45,1611.4329
2013-09-05,USD,1603.4158,1619.45,1611.4329
2013-09-06,USD,1603.6732,1619.71,1611.6916
2013-09-09,USD,1603.8316,1619.87,1611.8508
2013-09-10,USD,1603.0892,1619.12,1611.1046
2013-09-11,USD,1602.1782,1618.2,1610.1891
2013-09-12,USD,1602.693,1618.72,1610.7065
2013-09-13,USD,1602.2178,1618.24,1610.2289
2013-09-16,USD,1601.9504,1617.97,1609.9602
2013-09-17,USD,1601.9504,1617.97,1609.9602
2013-09-18,USD,1602.109,1618.13,1610.1195
2013-09-19,USD,1602.1684,1618.19,1610.1792
2013-09-20,USD,1602.208,1618.23,1610.219
2013-09-23,USD,1602.0,1618.02,1610.01
2013-09-24,USD,1600.3664,1616.37,1608.3682
2013-09-25,USD,1598.7326,1614.72,1606.7263
2013-09-26,USD,1598.7326,1614.72,1606.7263
2013-09-27,USD,1597.3268,1613.3,1605.3134
2013-09-30,USD,1596.891,1612.86,1604.8755
2013-10-01,USD,1596.891,1612.86,1604.8755
2013-10-02,USD,1597.7822,1613.76,1605.7711
2013-10-03,USD,1597.7822,1613.76,1605.7711
2013-10-04,USD,1598.3762,1614.36,1606.3681
2013-10-07,USD,1597.6634,1613.64,1605.6517
2013-10-08,USD,1597.6634,1613.64,1605.6517
2013-10-09,USD,1597.7624,1613.74,1605.7512
2013-10-10,USD,1596.7624,1612.73,1604.7462
2013-10-11,USD,1596.7624,1612.73,1604.7462
2013-10-15,USD,1596.8514,1612.82,1604.8357
2013-10-17,USD,1595.5148,1611.47,1603.4924
2013-10-18,USD,1595.3564,1611.31,1603.3332
2013-10-21,USD,1595.3564,1611.31,1603.3332
2013-10-22,USD,1595.0,1610.95,1602.975
2013-10-23,USD,1595.01,1610.96,1602.985
2013-10-24,USD,1593.1684,1609.1,1601.1342
2013-10-25,USD,1591.5346,1607.45,1599.4923
2013-10-28,USD,1594.0594,1610.0,1602.0297
2013-10-29,USD,1593.5742,1609.51,1601.5421
2013-10-30,USD,1593.5446,1609.48,1601.5123
2013-10-31,USD,1593.5446,1609.48,1601.5123
2013-11-01,USD,1593.6832,1609.62,1601.6516
2013-11-04,USD,1593.9802,1609.92,1601.9501
2013-11-05,USD,1593.5346,1609.47,1601.5023
2013-11-06,USD,1593.9802,1609.92,1601.9501
2013-11-07,USD,3202.8056,1601.4028,1593.4356
2013-11-08,USD,1593.4356,1609.37,1601.4028
2013-11-11,USD,1593.7128,1609.65,1601.6814
2013-11-12,USD,1594.2278,1610.17,1602.1989
2013-11-13,USD,1596.891,1612.86,1604.8755
2013-11-14,USD,1596.891,1612.86,1604.8755
2013-11-15,USD,1597.6336,1613.61,1605.6218
2013-11-18,USD,1597.6336,1613.61,1605.6218
2013-11-19,USD,1597.8812,1613.86,1605.8706
2013-11-20,USD,1597.8712,1613.85,1605.8606
2013-11-21,USD,1597.9208,1613.9,1605.9104
2013-11-22,USD,1597.9208,1613.9,1605.9104
2013-11-25,USD,1598.5644,1614.55,1606.5572
2013-11-26,USD,1598.9802,1614.97,1606.9751
2013-11-27,USD,1599.4158,1615.41,1607.4129
2013-11-28,USD,1599.4158,1615.41,1607.4129
2013-11-29,USD,1599.1386,1615.13,1607.1343
2013-12-02,USD,1599.1386,1615.13,1607.1343
2013-12-03,USD,1598.0298,1614.01,1606.0199
2013-12-04,USD,1596.3664,1612.33,1604.3482
2013-12-05,USD,1595.1684,1611.12,1603.1442
2013-12-06,USD,1593.297,1609.23,1601.2635
2013-12-10,USD,1593.297,1609.23,1601.2635
2013-12-11,USD,1595.7326,1611.69,1603.7113
2013-12-12,USD,1595.3762,1611.33,1603.3531
2013-12-13,USD,1595.3762,1611.33,1603.3531
2013-12-16,USD,1595.0694,1611.02,1603.0447
2013-12-17,USD,1595.0694,1611.02,1603.0447
2013-12-18,USD,1593.3466,1609.28,1601.3133
2013-12-19,USD,1590.2476,1606.15,1598.1988
2013-12-20,USD,1586.1684,1602.03,1594.0992
2013-12-23,USD,1580.7722,1596.58,1588.6761
2013-12-24,USD,1560.1684,1575.77,1567.9692
2013-12-27,USD,1560.1684,1575.77,1567.9692
2013-12-30,USD,1561.9702,1577.59,1569.7801
2013-12-31,USD,1566.1782,1581.84,1574.0091
2014-01-02,USD,1567.5544,1583.23,1575.3922
2014-01-03,USD,1567.5544,1583.23,1575.3922
2014-01-06,USD,1576.9406,1592.71,1584.8253
2014-01-07,USD,1586.99,1602.86,1594.925
2014-01-08,USD,1595.5248,1611.48,1603.5024
2014-01-09,USD,1596.9208,1612.89,1604.9054
2014-01-10,USD,1600.0594,1616.06,1608.0597
2014-01-15,USD,1600.0594,1616.06,1608.0597
2014-01-16,USD,1597.4456,1613.42,1605.4328
2014-01-17,USD,1597.4456,1613.42,1605.4328
2014-01-20,USD,1597.4456,1613.42,1605.4328
2014-01-21,USD,1593.9802,1609.92,1601.9501
2014-01-22,USD,1598.0,1613.98,1605.99
2014-01-23,USD,1599.2476,1615.24,1607.2438
2014-01-24,USD,1599.2476,1615.24,1607.2438
2014-01-27,USD,1607.7524,1623.83,1615.7912
2014-01-28,USD,1606.9802,1623.05,1615.0151
2014-01-29,USD,1605.8316,1621.89,1613.8608
2014-01-30,USD,1605.8316,1621.89,1613.8608
2014-01-31,USD,1608.703,1624.79,1616.7465
2014-02-03,USD,1608.297,1624.38,1616.3385
2014-02-04,USD,1608.297,1624.38,1616.3385
2014-02-05,USD,1608.8218,1624.91,1616.8659
2014-02-06,USD,1608.0496,1624.13,1616.0898
2014-02-07,USD,1608.2872,1624.37,1616.3286
2014-02-10,USD,1607.4356,1623.51,1615.4728
2014-02-11,USD,1607.693,1623.77,1615.7315
2014-02-12,USD,1608.8514,1624.94,1616.8957
2014-02-13,USD,1608.9604,1625.05,1617.0052
2014-02-14,USD,1608.9306,1625.02,1616.9753
2014-02-17,USD,1608.9306,1625.02,1616.9753
2014-02-18,USD,1609.0396,1625.13,1617.0848
2014-02-19,USD,1611.1684,1627.28,1619.2242
2014-02-20,USD,1611.1684,1627.28,1619.2242
2014-02-21,USD,1611.5644,1627.68,1619.6222
2014-02-24,USD,1611.1782,1627.29,1619.2341
2014-02-25,USD,1610.8218,1626.93,1618.8759
2014-02-26,USD,1610.307,1626.41,1618.3585
2014-02-27,USD,1610.307,1626.41,1618.3585
2014-02-28,USD,1612.3366,1628.46,1620.3983
2014-03-03,USD,1612.3366,1628.46,1620.3983
2014-03-04,USD,1612.5544,1628.68,1620.6172
2014-03-05,USD,1613.6534,1629.79,1621.7217
2014-03-06,USD,1613.4158,1629.55,1621.4829
2014-03-07,USD,1615.7722,1631.93,1623.8511
2014-03-10,USD,1615.7722,1631.93,1623.8511
2014-03-11,USD,1615.1684,1631.32,1623.2442
2014-03-12,USD,1615.6732,1631.83,1623.7516
2014-03-13,USD,1615.6732,1631.83,1623.7516
2014-03-14,USD,1615.8316,1631.99,1623.9108
2014-03-17,USD,1615.8316,1631.99,1623.9108
2014-03-18,USD,1620.3168,1636.52,1628.4184
2014-03-19,USD,1621.1386,1637.35,1629.2443
2014-03-20,USD,1622.0496,1638.27,1630.1598
2014-03-21,USD,1621.594,1637.81,1629.702
2014-03-24,USD,1621.594,1637.81,1629.702
2014-03-25,USD,1622.4554,1638.68,1630.5677
2014-03-26,USD,1621.901,1638.12,1630.0105
2014-03-27,USD,1623.4554,1639.69,1631.5727
2014-03-28,USD,1623.4554,1639.69,1631.5727
2014-03-31,USD,1621.495,1637.71,1629.6025
2014-04-01,USD,1621.495,1637.71,1629.6025
2014-04-02,USD,1621.1584,1637.37,1629.2642
2014-04-03,USD,1618.198,1634.38,1626.289
2014-04-04,USD,1618.8416,1635.03,1626.9358
2014-04-08,USD,1618.099,1634.28,1626.1895
2014-04-09,USD,1618.495,1634.68,1626.5875
2014-04-10,USD,1618.3564,1634.54,1626.4482
2014-04-11,USD,1618.3564,1634.54,1626.4482
2014-04-14,USD,1618.9802,1635.17,1627.0751
2014-04-15,USD,1618.9802,1635.17,1627.0751
2014-04-16,USD,1619.6534,1635.85,1627.7517
2014-04-17,USD,1620.0496,1636.25,1628.1498
2014-04-22,USD,1623.0298,1639.26,1631.1449
2014-04-23,USD,1623.0298,1639.26,1631.1449
2014-04-24,USD,1626.6534,1642.92,1634.7867
2014-04-25,USD,1623.2772,1639.51,1631.3936
2014-04-28,USD,1623.2772,1639.51,1631.3936
2014-04-29,USD,1625.0892,1641.34,1633.2146
2014-04-30,USD,1626.8514,1643.12,1634.9857
2014-05-02,USD,1627.0,1643.27,1635.135
2014-05-05,USD,1627.3366,1643.61,1635.4733
2014-05-06,USD,1627.3366,1643.61,1635.4733
2014-05-07,USD,1625.7228,1641.98,1633.8514
2014-05-08,USD,1625.99,1642.25,1634.12
2014-05-09,USD,1626.9802,1643.25,1635.1151
2014-05-12,USD,1628.3564,1644.64,1636.4982
2014-05-13,USD,1628.4456,1644.73,1636.5878
2014-05-14,USD,1629.1288,1645.42,1637.2744
2014-05-15,USD,1629.1288,1645.42,1637.2744
2014-05-16,USD,1629.2772,1645.57,1637.4236
2014-05-19,USD,1630.0198,1646.32,1638.1699
2014-05-20,USD,1631.8118,1648.13,1639.9709
2014-05-21,USD,1631.8118,1648.13,1639.9709
2014-05-22,USD,1634.3268,1650.67,1642.4984
2014-05-23,USD,1634.3268,1650.67,1642.4984
2014-05-26,USD,1633.2376,1649.57,1641.4038
2014-05-27,USD,1635.1882,1651.54,1643.3641
2014-05-28,USD,1635.1882,1651.54,1643.3641
2014-05-29,USD,1636.2376,1652.6,1644.4188
2014-05-30,USD,1636.2376,1652.6,1644.4188
2014-06-02,USD,1638.3268,1654.71,1646.5184
2014-06-03,USD,1640.3664,1656.77,1648.5682
2014-06-04,USD,1640.3664,1656.77,1648.5682
2014-06-05,USD,1640.703,1657.11,1648.9065
2014-06-06,USD,1640.703,1657.11,1648.9065
2014-06-09,USD,1639.6634,1656.06,1647.8617
2014-06-10,USD,1642.099,1658.52,1650.3095
2014-06-11,USD,1642.9406,1659.37,1651.1553
2014-06-12,USD,1642.9406,1659.37,1651.1553
2014-06-13,USD,1642.6138,1659.04,1650.8269
2014-06-16,USD,1643.1882,1659.62,1651.4041
2014-06-17,USD,1643.6138,1660.05,1651.8319
2014-06-18,USD,1644.6336,1661.08,1652.8568
2014-06-19,USD,1644.8514,1661.3,1653.0757
2014-06-20,USD,1644.8514,1661.3,1653.0757
2014-06-23,USD,1645.2574,1661.71,1653.4837
2014-06-24,USD,1645.802,1662.26,1654.031
2014-06-25,USD,1644.9108,1661.36,1653.1354
2014-06-26,USD,1644.792,1661.24,1653.016
2014-06-27,USD,1644.792,1661.24,1653.016
2014-06-30,USD,1642.7524,1659.18,1650.9662
2014-07-02,USD,1642.7524,1659.18,1650.9662
2014-07-03,USD,1646.9504,1663.42,1655.1852
2014-07-04,USD,1646.9208,1663.39,1655.1554
2014-07-08,USD,1649.9702,1666.47,1658.2201
2014-07-09,USD,1649.208,1665.7,1657.454
2014-07-10,USD,1649.208,1665.7,1657.454
2014-07-11,USD,1648.6436,1665.13,1656.8868
2014-07-14,USD,1647.594,1664.07,1655.832
2014-07-15,USD,1646.9108,1663.38,1655.1454
2014-07-16,USD,1645.3762,1661.83,1653.6031
2014-07-17,USD,1645.9108,1662.37,1654.1404
2014-07-18,USD,1647.604,1664.08,1655.842
2014-07-21,USD,1649.5544,1666.05,1657.8022
2014-07-22,USD,1649.5544,1666.05,1657.8022
2014-07-23,USD,1648.3366,1664.82,1656.5783
2014-07-24,USD,1648.0892,1664.57,1656.3296
2014-07-25,USD,1647.2872,1663.76,1655.5236
2014-07-28,USD,1646.5842,1663.05,1654.8171
2014-07-31,USD,1646.0594,1662.52,1654.2897
2014-08-01,USD,1646.1782,1662.64,1654.4091
2014-08-04,USD,1646.1782,1662.64,1654.4091
2014-08-05,USD,1647.0694,1663.54,1655.3047
2014-08-06,USD,1647.0694,1663.54,1655.3047
2014-08-07,USD,1646.8218,1663.29,1655.0559
2014-08-11,USD,1647.0198,1663.49,1655.2549
2014-08-12,USD,1647.0198,1663.49,1655.2549
2014-08-13,USD,1647.198,1663.67,1655.434
2014-08-14,USD,1648.4654,1664.95,1656.7077
2014-08-15,USD,1648.4654,1664.95,1656.7077
2014-08-18,USD,1649.3268,1665.82,1657.5734
2014-08-19,USD,1649.4554,1665.95,1657.7027
2014-08-20,USD,1649.4554,1665.95,1657.7027
2014-08-21,USD,1650.8812,1667.39,1659.1356
2014-08-22,USD,1650.8812,1667.39,1659.1356
2014-08-25,USD,1652.4258,1668.95,1660.6879
2014-08-26,USD,1652.4258,1668.95,1660.6879
2014-08-27,USD,1652.3466,1668.87,1660.6083
2014-08-28,USD,1652.3466,1668.87,1660.6083
2014-08-29,USD,1652.307,1668.83,1660.5685
2014-09-01,USD,1652.4654,1668.99,1660.7277
2014-09-02,USD,1649.7822,1666.28,1658.0311
2014-09-03,USD,1648.8712,1665.36,1657.1156
2014-09-04,USD,1648.703,1665.19,1656.9465
2014-09-05,USD,1649.4158,1665.91,1657.6629
2014-09-08,USD,1649.4158,1665.91,1657.6629
2014-09-09,USD,1650.4852,1666.99,1658.7376
2014-09-10,USD,1650.4852,1666.99,1658.7376
2014-09-11,USD,1651.9306,1668.45,1660.1903
2014-09-12,USD,1652.1386,1668.66,1660.3993
2014-09-15,USD,1652.8812,1669.41,1661.1456
2014-09-16,USD,1653.4258,1669.96,1661.6929
2014-09-17,USD,1653.4258,1669.96,1661.6929
2014-09-18,USD,1653.4456,1669.98,1661.7128
2014-09-19,USD,1654.8514,1671.4,1663.1257
2014-09-22,USD,1655.9208,1672.48,1664.2004
2014-09-23,USD,1657.2674,1673.84,1665.5537
2014-09-24,USD,1657.2674,1673.84,1665.5537
2014-09-25,USD,1658.6138,1675.2,1666.9069
2014-09-26,USD,1658.495,1675.08,1666.7875
2014-09-29,USD,1656.7822,1673.35,1665.0661
2014-09-30,USD,1657.7426,1674.32,1666.0313
2014-10-01,USD,1661.1486,1677.76,1669.4543
2014-10-02,USD,1661.208,1677.82,1669.514
2014-10-03,USD,1661.208,1677.82,1669.514
2014-10-06,USD,1661.3366,1677.95,1669.6433
2014-10-07,USD,1662.5544,1679.18,1670.8672
2014-10-08,USD,1662.5544,1679.18,1670.8672
2014-10-09,USD,1660.7128,1677.32,1669.0164
2014-10-10,USD,1663.1882,1679.82,1671.5041
2014-10-13,USD,1663.3366,1679.97,1671.6533
2014-10-15,USD,1663.3366,1679.97,1671.6533
2014-10-16,USD,1664.1882,1680.83,1672.5091
2014-10-17,USD,1666.3268,1682.99,1674.6584
2014-10-20,USD,1666.3268,1682.99,1674.6584
2014-10-21,USD,1665.2178,1681.87,1673.5439
2014-10-22,USD,1666.9406,1683.61,1675.2753
2014-10-23,USD,1668.1782,1684.86,1676.5191
2014-10-24,USD,1670.505,1687.21,1678.8575
2014-10-27,USD,1670.505,1687.21,1678.8575
2014-10-28,USD,1672.99,1689.72,1681.355
2014-10-29,USD,1673.3862,1690.12,1681.7531
2014-10-30,USD,1675.0198,1691.77,1683.3949
2014-10-31,USD,1676.208,1692.97,1684.589
2014-11-03,USD,1676.208,1692.97,1684.589
2014-11-04,USD,1681.8118,1698.63,1690.2209
2014-11-05,USD,1684.7624,1701.61,1693.1862
2014-11-06,USD,1683.2574,1700.09,1691.6737
2014-11-07,USD,1683.2574,1700.09,1691.6737
2014-11-10,USD,1686.2772,1703.14,1694.7086
2014-11-11,USD,1687.3366,1704.21,1695.7733
2014-11-12,USD,1689.802,1706.7,1698.251
2014-11-13,USD,1692.109,1709.03,1700.5695
2014-11-14,USD,1692.109,1709.03,1700.5695
2014-11-17,USD,1694.0198,1710.96,1702.4899
2014-11-18,USD,1695.7128,1712.67,1704.1914
2014-11-19,USD,1698.5644,1715.55,1707.0572
2014-11-20,USD,1703.9208,1720.96,1712.4404
2014-11-21,USD,1707.3664,1724.44,1715.9032
2014-11-24,USD,1713.2376,1730.37,1721.8038
2014-11-25,USD,1713.2376,1730.37,1721.8038
2014-11-26,USD,1717.6138,1734.79,1726.2019
2014-11-27,USD,1719.297,1736.49,1727.8935
2014-11-28,USD,1719.297,1736.49,1727.8935
2014-12-01,USD,1722.604,1739.83,1731.217
2014-12-02,USD,1722.604,1739.83,1731.217
2014-12-03,USD,1721.5446,1738.76,1730.1523
2014-12-04,USD,1715.8118,1732.97,1724.3909
2014-12-05,USD,1715.8118,1732.97,1724.3909
2014-12-08,USD,1722.703,1739.93,1731.3165
2014-12-10,USD,1720.9604,1738.17,1729.5652
2014-12-11,USD,1720.9604,1738.17,1729.5652
2014-12-12,USD,1709.396,1726.49,1717.943
2014-12-15,USD,1709.396,1726.49,1717.943
2014-12-16,USD,1706.3664,1723.43,1714.8982
2014-12-17,USD,1703.099,1720.13,1711.6145
2014-12-18,USD,1695.6336,1712.59,1704.1118
2014-12-19,USD,1683.2872,1700.12,1691.7036
2014-12-22,USD,1676.2772,1693.04,1684.6586
2014-12-23,USD,1690.9108,1707.82,1699.3654
2014-12-24,USD,1690.9108,1707.82,1699.3654
2014-12-29,USD,1701.6436,1718.66,1710.1518
2014-12-30,USD,1717.198,1734.37,1725.784
2014-12-31,USD,1717.198,1734.37,1725.784
2015-01-02,USD,1696.3466,1713.31,1704.8283
2015-01-05,USD,1696.3466,1713.31,1704.8283
2015-01-06,USD,1704.9406,1721.99,1713.4653
2015-01-07,USD,1697.9208,1714.9,1706.4104
2015-01-08,USD,1701.0594,1718.07,1709.5647
2015-01-09,USD,1701.7426,1718.76,1710.2513
2015-01-13,USD,1704.9802,1722.03,1713.5051
2015-01-14,USD,1704.9802,1722.03,1713.5051
2015-01-15,USD,1722.2178,1739.44,1730.8289
2015-01-16,USD,1728.99,1746.28,1737.635
2015-01-19,USD,1741.3168,1758.73,1750.0234
2015-01-20,USD,1751.1188,1768.63,1759.8744
2015-01-21,USD,1751.1188,1768.63,1759.8744
2015-01-22,USD,1763.3466,1780.98,1772.1633
2015-01-23,USD,1746.198,1763.66,1754.929
2015-01-26,USD,1768.8712,1786.56,1777.7156
2015-01-27,USD,1746.3366,1763.8,1755.0683
2015-01-28,USD,1774.6634,1792.41,1783.5367
2015-01-29,USD,1761.4654,1779.08,1770.2727
2015-01-30,USD,1736.9208,1754.29,1745.6054
2015-02-02,USD,1729.198,1746.49,1737.844
2015-02-03,USD,1728.0198,1745.3,1736.6599
2015-02-04,USD,1730.802,1748.11,1739.456
2015-02-05,USD,1730.802,1748.11,1739.456
2015-02-06,USD,1733.5446,1750.88,1742.2123
2015-02-09,USD,1734.8712,1752.22,1743.5456
2015-02-10,USD,1739.6534,1757.05,1748.3517
2015-02-11,USD,1743.8416,1761.28,1752.5608
2015-02-12,USD,1743.8416,1761.28,1752.5608
2015-02-13,USD,1746.198,1763.66,1754.929
2015-02-16,USD,1742.8218,1760.25,1751.5359
2015-02-17,USD,1756.109,1773.67,1764.8895
2015-02-18,USD,1759.4752,1777.07,1768.2726
2015-02-19,USD,1765.8218,1783.48,1774.6509
2015-02-20,USD,1777.0396,1794.81,1785.9248
2015-02-23,USD,1768.2872,1785.97,1777.1286
2015-02-24,USD,1768.2872,1785.97,1777.1286
2015-02-25,USD,1763.5644,1781.2,1772.3822
2015-02-26,USD,1763.5644,1781.2,1772.3822
2015-02-27,USD,1782.7524,1800.58,1791.6662
2015-03-02,USD,1782.7524,1800.58,1791.6662
2015-03-03,USD,1780.3862,1798.19,1789.2881
2015-03-04,USD,1780.3862,1798.19,1789.2881
2015-03-05,USD,1782.8416,1800.67,1791.7558
2015-03-06,USD,1777.5248,1795.3,1786.4124
2015-03-09,USD,1777.9406,1795.72,1786.8303
2015-03-10,USD,1777.9406,1795.72,1786.8303
2015-03-11,USD,1775.4752,1793.23,1784.3526
2015-03-12,USD,1777.109,1794.88,1785.9945
2015-03-13,USD,1777.109,1794.88,1785.9945
2015-03-16,USD,1779.0396,1796.83,1787.9348
2015-03-17,USD,1779.2178,1797.01,1788.1139
2015-03-18,USD,1779.2178,1797.01,1788.1139
2015-03-19,USD,1780.3366,1798.14,1789.2383
2015-03-20,USD,1780.495,1798.3,1789.3975
2015-03-23,USD,1780.3168,1798.12,1789.2184
2015-03-24,USD,1786.5644,1804.43,1795.4972
2015-03-25,USD,1774.6138,1792.36,1783.4869
2015-03-26,USD,1775.693,1793.45,1784.5715
2015-03-27,USD,1779.8812,1797.68,1788.7806
2015-03-30,USD,1779.8812,1797.68,1788.7806
2015-03-31,USD,1779.1684,1796.96,1788.0642
2015-04-01,USD,1777.3268,1795.1,1786.2134
2015-04-02,USD,1777.3268,1795.1,1786.2134
2015-04-03,USD,1776.2674,1794.03,1785.1487
2015-04-06,USD,1776.2674,1794.03,1785.1487
2015-04-07,USD,1776.2674,1794.03,1785.1487
2015-04-08,USD,1777.0,1794.77,1785.885
2015-04-09,USD,1777.0,1794.77,1785.885
2015-04-10,USD,1779.8118,1797.61,1788.7109
2015-04-13,USD,1780.5248,1798.33,1789.4274
2015-04-14,USD,1795.3268,1813.28,1804.3034
2015-04-15,USD,1722.693,1739.92,1731.3065
2015-04-16,USD,1787.5346,1805.41,1796.4723
2015-04-17,USD,1799.3366,1817.33,1808.3333
2015-04-20,USD,1788.2772,1806.16,1797.2186
2015-04-21,USD,1785.505,1803.36,1794.4325
2015-04-22,USD,1785.505,1803.36,1794.4325
2015-04-23,USD,1797.6634,1815.64,1806.6517
2015-04-24,USD,1805.9604,1824.02,1814.9902
2015-04-27,USD,1815.4158,1833.57,1824.4929
2015-04-28,USD,1822.1782,1840.4,1831.2891
2015-04-29,USD,1824.6832,1842.93,1833.8066
2015-04-30,USD,1900.307,1919.31,1909.8085
2015-05-01,USD,1836.495,1854.86,1845.6775
2015-05-04,USD,1836.495,1854.86,1845.6775
2015-05-05,USD,1856.4158,1874.98,1865.6979
2015-05-06,USD,1891.8812,1910.8,1901.3406
2015-05-07,USD,1911.5644,1930.68,1921.1222
2015-05-08,USD,1911.5644,1930.68,1921.1222
2015-05-11,USD,1924.8712,1944.12,1934.4956
2015-05-12,USD,1924.8712,1944.12,1934.4956
2015-05-13,USD,1930.8118,1950.12,1940.4659
2015-05-14,USD,1935.6732,1955.03,1945.3516
2015-05-15,USD,1940.4852,1959.89,1950.1876
2015-05-18,USD,1941.4158,1960.83,1951.1229
2015-05-19,USD,1943.1188,1962.55,1952.8344
2015-05-20,USD,1943.1188,1962.55,1952.8344
2015-05-21,USD,1944.3366,1963.78,1954.0583
2015-05-22,USD,1952.0694,1971.59,1961.8297
2015-05-25,USD,1952.0694,1971.59,1961.8297
2015-05-26,USD,1967.7426,1987.42,1977.5813
2015-05-27,USD,1980.0694,1999.87,1989.9697
2015-05-28,USD,1980.0694,1999.87,1989.9697
2015-05-29,USD,1987.2178,2007.09,1997.1539
2015-06-01,USD,1990.1882,2010.09,2000.1391
2015-06-02,USD,2005.6732,2025.73,2015.7016
2015-06-03,USD,2019.1684,2039.36,2029.2642
2015-06-04,USD,2019.1684,2039.36,2029.2642
2015-06-05,USD,2033.792,2054.13,2043.961
2015-06-08,USD,2067.4554,2088.13,2077.7927
2015-06-09,USD,2037.7722,2058.15,2047.9611
2015-06-10,USD,2037.7722,2058.15,2047.9611
2015-06-11,USD,2046.2574,2066.72,2056.4887
2015-06-12,USD,2056.4852,2077.05,2066.7676
2015-06-15,USD,2073.4456,2094.18,2083.8128
2015-06-16,USD,2073.4456,2094.18,2083.8128
2015-06-17,USD,2072.693,2093.42,2083.0565
2015-06-18,USD,2072.693,2093.42,2083.0565
2015-06-19,USD,2073.9702,2094.71,2084.3401
2015-06-22,USD,2073.703,2094.44,2084.0715
2015-06-23,USD,2072.703,2093.43,2083.0665
2015-06-24,USD,2071.406,2092.12,2081.763
2015-06-25,USD,2073.3762,2094.11,2083.7431
2015-06-26,USD,2071.901,2092.62,2082.2605
2015-06-29,USD,2071.901,2092.62,2082.2605
2015-06-30,USD,1964.4852,1984.13,1974.3076
2015-07-01,USD,1964.4852,1984.13,1974.3076
2015-07-02,USD,1964.4852,1984.13,1974.3076
2015-07-03,USD,1997.1684,2017.14,2007.1542
2015-07-06,USD,1997.1684,2017.14,2007.1542
2015-07-07,USD,2051.0594,2071.57,2061.3147
2015-07-08,USD,2127.406,2148.68,2138.043
2015-07-09,USD,2110.7722,2131.88,2121.3261
2015-07-10,USD,2105.2278,2126.28,2115.7539
2015-07-13,USD,2105.2278,2126.28,2115.7539
2015-07-14,USD,2072.703,2093.43,2083.0665
2015-07-15,USD,2034.9406,2055.29,2045.1153
2015-07-16,USD,2069.505,2090.2,2079.8525
2015-07-17,USD,2069.5742,2090.27,2079.9221
2015-07-20,USD,2074.7822,2095.53,2085.1561
2015-07-21,USD,2074.7228,2095.47,2085.0964
2015-07-22,USD,2074.7228,2095.47,2085.0964
2015-07-23,USD,2074.9306,2095.68,2085.3053
2015-07-24,USD,2072.5148,2093.24,2082.8774
2015-07-27,USD,2064.5644,2085.21,2074.8872
